#
# There is insufficient memory for the Java Runtime Environment to continue.
# Native memory allocation (malloc) failed to allocate 32756 bytes for ChunkPool::allocate
# Possible reasons:
#   The system is out of physical RAM or swap space
#   In 32 bit mode, the process size limit was hit
# Possible solutions:
#   Reduce memory load on the system
#   Increase physical memory or swap space
#   Check if swap backing store is full
#   Use 64 bit Java on a 64 bit OS
#   Decrease Java heap size (-Xmx/-Xms)
#   Decrease number of Java threads
#   Decrease Java thread stack sizes (-Xss)
#   Set larger code cache with -XX:ReservedCodeCacheSize=
# This output file may be truncated or incomplete.
#
#  Out of Memory Error (allocation.cpp:273), pid=3873, tid=1399723120
#
# JRE version: Java(TM) SE Runtime Environment (8.0_65-b17) (build 1.8.0_65-b17)
# Java VM: Java HotSpot(TM) Client VM (25.65-b01 mixed mode linux-arm )
# Failed to write core dump. Core dumps have been disabled. To enable core dumping, try "ulimit -c unlimited" before starting Java again
#

---------------  T H R E A D  ---------------

Current thread (0x7615dc00):  VMThread [stack: 0x53662000,0x536e2000] [id=3875]

Stack: [0x53662000,0x536e2000]
VM_Operation (0x4c7fe80c): BulkRevokeBias, mode: safepoint, requested by thread 0x4fefec00


---------------  P R O C E S S  ---------------

Java Threads: ( => current thread )
  0x4fefec00 JavaThread "Thread-37369" [_thread_blocked, id=4089, stack(0x4c000000,0x4c800000)]
  0x4fefc400 JavaThread "pi4j-gpio-event-executor-1161" [_thread_blocked, id=5284, stack(0x7ee52000,0x7ef52000)]
  0x0277e800 JavaThread "pi4j-gpio-event-executor-1160" [_thread_blocked, id=5283, stack(0x7ed52000,0x7ee52000)]
  0x4fefac00 JavaThread "pi4j-gpio-event-executor-1159" [_thread_blocked, id=5282, stack(0x7ec52000,0x7ed52000)]
  0x0277d000 JavaThread "pi4j-gpio-event-executor-1158" [_thread_blocked, id=5281, stack(0x7eb11000,0x7ec11000)]
  0x0277b800 JavaThread "pi4j-gpio-event-executor-1157" [_thread_blocked, id=5280, stack(0x7ea11000,0x7eb11000)]
  0x4fef9400 JavaThread "pi4j-gpio-event-executor-1156" [_thread_blocked, id=5279, stack(0x7e911000,0x7ea11000)]
  0x4fef7c00 JavaThread "pi4j-gpio-event-executor-1154" [_thread_blocked, id=5278, stack(0x7e681000,0x7e781000)]
  0x0277a000 JavaThread "pi4j-gpio-event-executor-1155" [_thread_blocked, id=5277, stack(0x7e581000,0x7e681000)]
  0x4fef6000 JavaThread "pi4j-gpio-event-executor-1152" [_thread_blocked, id=5276, stack(0x7e481000,0x7e581000)]
  0x02778800 JavaThread "pi4j-gpio-event-executor-1153" [_thread_blocked, id=5275, stack(0x7e381000,0x7e481000)]
  0x02777c00 JavaThread "pi4j-gpio-event-executor-1151" [_thread_blocked, id=5274, stack(0x7e281000,0x7e381000)]
  0x4fef4000 JavaThread "pi4j-gpio-event-executor-1149" [_thread_blocked, id=5273, stack(0x7e181000,0x7e281000)]
  0x02776400 JavaThread "pi4j-gpio-event-executor-1150" [_thread_blocked, id=5272, stack(0x7e081000,0x7e181000)]
  0x02774c00 JavaThread "pi4j-gpio-event-executor-1148" [_thread_blocked, id=5271, stack(0x7df81000,0x7e081000)]
  0x4fef2800 JavaThread "pi4j-gpio-event-executor-1147" [_thread_blocked, id=5270, stack(0x7de81000,0x7df81000)]
  0x02773400 JavaThread "pi4j-gpio-event-executor-1146" [_thread_blocked, id=5269, stack(0x7dd81000,0x7de81000)]
  0x02771c00 JavaThread "pi4j-gpio-event-executor-1144" [_thread_blocked, id=5268, stack(0x7dc81000,0x7dd81000)]
  0x4fef0c00 JavaThread "pi4j-gpio-event-executor-1145" [_thread_blocked, id=5267, stack(0x7db81000,0x7dc81000)]
  0x4feef400 JavaThread "pi4j-gpio-event-executor-1143" [_thread_blocked, id=5266, stack(0x7da81000,0x7db81000)]
  0x02770400 JavaThread "pi4j-gpio-event-executor-1142" [_thread_blocked, id=5265, stack(0x7d981000,0x7da81000)]
  0x0276f800 JavaThread "pi4j-gpio-event-executor-1141" [_thread_blocked, id=5264, stack(0x7d881000,0x7d981000)]
  0x4feee000 JavaThread "pi4j-gpio-event-executor-1140" [_thread_blocked, id=5263, stack(0x7d781000,0x7d881000)]
  0x4feec800 JavaThread "pi4j-gpio-event-executor-1138" [_thread_blocked, id=5262, stack(0x7d681000,0x7d781000)]
  0x0276d000 JavaThread "pi4j-gpio-event-executor-1139" [_thread_blocked, id=5261, stack(0x7d581000,0x7d681000)]
  0x0276c400 JavaThread "pi4j-gpio-event-executor-1137" [_thread_blocked, id=5260, stack(0x7d481000,0x7d581000)]
  0x0276ac00 JavaThread "pi4j-gpio-event-executor-1135" [_thread_blocked, id=5259, stack(0x7d381000,0x7d481000)]
  0x4feea400 JavaThread "pi4j-gpio-event-executor-1136" [_thread_blocked, id=5258, stack(0x7d281000,0x7d381000)]
  0x4fee8c00 JavaThread "pi4j-gpio-event-executor-1134" [_thread_blocked, id=5257, stack(0x7d181000,0x7d281000)]
  0x02769400 JavaThread "pi4j-gpio-event-executor-1133" [_thread_blocked, id=5256, stack(0x7d081000,0x7d181000)]
  0x4fee7400 JavaThread "pi4j-gpio-event-executor-1132" [_thread_blocked, id=5255, stack(0x7cf81000,0x7d081000)]
  0x4fee5c00 JavaThread "pi4j-gpio-event-executor-1131" [_thread_blocked, id=5254, stack(0x7ce81000,0x7cf81000)]
  0x02768000 JavaThread "pi4j-gpio-event-executor-1130" [_thread_blocked, id=5253, stack(0x7cd81000,0x7ce81000)]
  0x02766800 JavaThread "pi4j-gpio-event-executor-1128" [_thread_blocked, id=5252, stack(0x7cc81000,0x7cd81000)]
  0x4fee4400 JavaThread "pi4j-gpio-event-executor-1129" [_thread_blocked, id=5251, stack(0x7cb81000,0x7cc81000)]
  0x02765400 JavaThread "pi4j-gpio-event-executor-1127" [_thread_blocked, id=5250, stack(0x7ca81000,0x7cb81000)]
  0x4fee2800 JavaThread "pi4j-gpio-event-executor-1126" [_thread_blocked, id=5249, stack(0x7c981000,0x7ca81000)]
  0x02763800 JavaThread "pi4j-gpio-event-executor-1125" [_thread_blocked, id=5248, stack(0x7c881000,0x7c981000)]
  0x4fee1000 JavaThread "pi4j-gpio-event-executor-1124" [_thread_blocked, id=5247, stack(0x7c781000,0x7c881000)]
  0x02762400 JavaThread "pi4j-gpio-event-executor-1123" [_thread_blocked, id=5246, stack(0x7c681000,0x7c781000)]
  0x4fee0400 JavaThread "pi4j-gpio-event-executor-1122" [_thread_blocked, id=5245, stack(0x7c581000,0x7c681000)]
  0x02760000 JavaThread "pi4j-gpio-event-executor-1120" [_thread_blocked, id=5244, stack(0x7c481000,0x7c581000)]
  0x4fedec00 JavaThread "pi4j-gpio-event-executor-1121" [_thread_blocked, id=5243, stack(0x7c381000,0x7c481000)]
  0x0275e400 JavaThread "pi4j-gpio-event-executor-1118" [_thread_blocked, id=5242, stack(0x7c281000,0x7c381000)]
  0x4fedd400 JavaThread "pi4j-gpio-event-executor-1119" [_thread_blocked, id=5241, stack(0x7c181000,0x7c281000)]
  0x0275d800 JavaThread "pi4j-gpio-event-executor-1117" [_thread_blocked, id=5240, stack(0x7c081000,0x7c181000)]
  0x0275c000 JavaThread "pi4j-gpio-event-executor-1115" [_thread_blocked, id=5239, stack(0x7bf81000,0x7c081000)]
  0x4fedb000 JavaThread "pi4j-gpio-event-executor-1116" [_thread_blocked, id=5238, stack(0x7be81000,0x7bf81000)]
  0x4fed9800 JavaThread "pi4j-gpio-event-executor-1114" [_thread_blocked, id=5237, stack(0x7bd81000,0x7be81000)]
  0x0275ac00 JavaThread "pi4j-gpio-event-executor-1113" [_thread_blocked, id=5236, stack(0x7bc81000,0x7bd81000)]
  0x4fed8c00 JavaThread "pi4j-gpio-event-executor-1112" [_thread_blocked, id=5235, stack(0x7bb81000,0x7bc81000)]
  0x4fed7400 JavaThread "pi4j-gpio-event-executor-1110" [_thread_blocked, id=5234, stack(0x7ba81000,0x7bb81000)]
  0x02758400 JavaThread "pi4j-gpio-event-executor-1111" [_thread_blocked, id=5233, stack(0x7b981000,0x7ba81000)]
  0x02757000 JavaThread "pi4j-gpio-event-executor-1109" [_thread_blocked, id=5232, stack(0x7b881000,0x7b981000)]
  0x4fed5c00 JavaThread "pi4j-gpio-event-executor-1108" [_thread_blocked, id=5231, stack(0x7b781000,0x7b881000)]
  0x02756400 JavaThread "pi4j-gpio-event-executor-1107" [_thread_blocked, id=5230, stack(0x7b681000,0x7b781000)]
  0x02754c00 JavaThread "pi4j-gpio-event-executor-1106" [_thread_blocked, id=5229, stack(0x7b581000,0x7b681000)]
  0x4fed3800 JavaThread "pi4j-gpio-event-executor-1105" [_thread_blocked, id=5228, stack(0x7b481000,0x7b581000)]
  0x02753400 JavaThread "pi4j-gpio-event-executor-1104" [_thread_blocked, id=5227, stack(0x7b381000,0x7b481000)]
  0x4fed2c00 JavaThread "pi4j-gpio-event-executor-1103" [_thread_blocked, id=5226, stack(0x7b281000,0x7b381000)]
  0x02751000 JavaThread "pi4j-gpio-event-executor-1102" [_thread_blocked, id=5225, stack(0x7b181000,0x7b281000)]
  0x02750400 JavaThread "pi4j-gpio-event-executor-1101" [_thread_blocked, id=5224, stack(0x7b081000,0x7b181000)]
  0x4fed1400 JavaThread "pi4j-gpio-event-executor-1100" [_thread_blocked, id=5223, stack(0x7af81000,0x7b081000)]
  0x0274e000 JavaThread "pi4j-gpio-event-executor-1099" [_thread_blocked, id=5222, stack(0x7ae81000,0x7af81000)]
  0x4fecfc00 JavaThread "pi4j-gpio-event-executor-1098" [_thread_blocked, id=5221, stack(0x7ad81000,0x7ae81000)]
  0x0274d400 JavaThread "pi4j-gpio-event-executor-1097" [_thread_blocked, id=5220, stack(0x7ac81000,0x7ad81000)]
  0x0274bc00 JavaThread "pi4j-gpio-event-executor-1096" [_thread_blocked, id=5219, stack(0x7ab81000,0x7ac81000)]
  0x4fecd400 JavaThread "pi4j-gpio-event-executor-1095" [_thread_blocked, id=5218, stack(0x7aa81000,0x7ab81000)]
  0x0274a400 JavaThread "pi4j-gpio-event-executor-1094" [_thread_blocked, id=5217, stack(0x7a981000,0x7aa81000)]
  0x02749800 JavaThread "pi4j-gpio-event-executor-1093" [_thread_blocked, id=5216, stack(0x7a881000,0x7a981000)]
  0x4fecb000 JavaThread "pi4j-gpio-event-executor-1092" [_thread_blocked, id=5215, stack(0x7a781000,0x7a881000)]
  0x4fec9c00 JavaThread "pi4j-gpio-event-executor-1091" [_thread_blocked, id=5214, stack(0x7a681000,0x7a781000)]
  0x02748000 JavaThread "pi4j-gpio-event-executor-1090" [_thread_blocked, id=5213, stack(0x7a581000,0x7a681000)]
  0x4fec8000 JavaThread "pi4j-gpio-event-executor-1089" [_thread_blocked, id=5212, stack(0x7a481000,0x7a581000)]
  0x02746800 JavaThread "pi4j-gpio-event-executor-1088" [_thread_blocked, id=5211, stack(0x7a381000,0x7a481000)]
  0x4fec6800 JavaThread "pi4j-gpio-event-executor-1087" [_thread_blocked, id=5210, stack(0x7a281000,0x7a381000)]
  0x02745000 JavaThread "pi4j-gpio-event-executor-1086" [_thread_blocked, id=5209, stack(0x7a181000,0x7a281000)]
  0x02744400 JavaThread "pi4j-gpio-event-executor-1085" [_thread_blocked, id=5208, stack(0x7a081000,0x7a181000)]
  0x4fec4400 JavaThread "pi4j-gpio-event-executor-1084" [_thread_blocked, id=5207, stack(0x79f81000,0x7a081000)]
  0x02742c00 JavaThread "pi4j-gpio-event-executor-1083" [_thread_blocked, id=5206, stack(0x79e81000,0x79f81000)]
  0x02741400 JavaThread "pi4j-gpio-event-executor-1082" [_thread_blocked, id=5205, stack(0x79d81000,0x79e81000)]
  0x4fec2c00 JavaThread "pi4j-gpio-event-executor-1081" [_thread_blocked, id=5204, stack(0x79c81000,0x79d81000)]
  0x0273fc00 JavaThread "pi4j-gpio-event-executor-1080" [_thread_blocked, id=5203, stack(0x79b81000,0x79c81000)]
  0x4fec1400 JavaThread "pi4j-gpio-event-executor-1079" [_thread_blocked, id=5202, stack(0x79a81000,0x79b81000)]
  0x0273e400 JavaThread "pi4j-gpio-event-executor-1078" [_thread_blocked, id=5201, stack(0x79981000,0x79a81000)]
  0x4fec0400 JavaThread "pi4j-gpio-event-executor-1077" [_thread_blocked, id=5200, stack(0x79881000,0x79981000)]
  0x0273c400 JavaThread "pi4j-gpio-event-executor-1076" [_thread_blocked, id=5199, stack(0x79781000,0x79881000)]
  0x4febec00 JavaThread "pi4j-gpio-event-executor-1075" [_thread_blocked, id=5198, stack(0x79681000,0x79781000)]
  0x0273ac00 JavaThread "pi4j-gpio-event-executor-1074" [_thread_blocked, id=5197, stack(0x79581000,0x79681000)]
  0x4febd400 JavaThread "pi4j-gpio-event-executor-1073" [_thread_blocked, id=5196, stack(0x79481000,0x79581000)]
  0x02739400 JavaThread "pi4j-gpio-event-executor-1072" [_thread_blocked, id=5195, stack(0x79381000,0x79481000)]
  0x02738800 JavaThread "pi4j-gpio-event-executor-1071" [_thread_blocked, id=5194, stack(0x79281000,0x79381000)]
  0x4febbc00 JavaThread "pi4j-gpio-event-executor-1070" [_thread_blocked, id=5193, stack(0x79181000,0x79281000)]
  0x4feba400 JavaThread "pi4j-gpio-event-executor-1069" [_thread_blocked, id=5192, stack(0x79081000,0x79181000)]
  0x02736400 JavaThread "pi4j-gpio-event-executor-1068" [_thread_blocked, id=5191, stack(0x78f81000,0x79081000)]
  0x4feb8c00 JavaThread "pi4j-gpio-event-executor-1066" [_thread_blocked, id=5190, stack(0x78e81000,0x78f81000)]
  0x02734c00 JavaThread "pi4j-gpio-event-executor-1067" [_thread_blocked, id=5189, stack(0x78d81000,0x78e81000)]
  0x02734000 JavaThread "pi4j-gpio-event-executor-1065" [_thread_blocked, id=5188, stack(0x78c81000,0x78d81000)]
  0x02732800 JavaThread "pi4j-gpio-event-executor-1064" [_thread_blocked, id=5187, stack(0x78b81000,0x78c81000)]
  0x4feb6800 JavaThread "pi4j-gpio-event-executor-1063" [_thread_blocked, id=5186, stack(0x78a81000,0x78b81000)]
  0x02731000 JavaThread "pi4j-gpio-event-executor-1062" [_thread_blocked, id=5185, stack(0x78981000,0x78a81000)]
  0x4feb4c00 JavaThread "pi4j-gpio-event-executor-1061" [_thread_blocked, id=5184, stack(0x78881000,0x78981000)]
  0x0272f800 JavaThread "pi4j-gpio-event-executor-1060" [_thread_blocked, id=5183, stack(0x78781000,0x78881000)]
  0x4feb3400 JavaThread "pi4j-gpio-event-executor-1059" [_thread_blocked, id=5182, stack(0x78681000,0x78781000)]
  0x0272e400 JavaThread "pi4j-gpio-event-executor-1058" [_thread_blocked, id=5181, stack(0x78581000,0x78681000)]
  0x4feb1c00 JavaThread "pi4j-gpio-event-executor-1056" [_thread_blocked, id=5180, stack(0x78481000,0x78581000)]
  0x0272c800 JavaThread "pi4j-gpio-event-executor-1057" [_thread_blocked, id=5179, stack(0x78381000,0x78481000)]
  0x0272c000 JavaThread "pi4j-gpio-event-executor-1055" [_thread_blocked, id=5178, stack(0x78281000,0x78381000)]
  0x4feaf800 JavaThread "pi4j-gpio-event-executor-1054" [_thread_blocked, id=5177, stack(0x78181000,0x78281000)]
  0x0272a400 JavaThread "pi4j-gpio-event-executor-1053" [_thread_blocked, id=5176, stack(0x78081000,0x78181000)]
  0x02728c00 JavaThread "pi4j-gpio-event-executor-1052" [_thread_blocked, id=5175, stack(0x77f81000,0x78081000)]
  0x4feae000 JavaThread "pi4j-gpio-event-executor-1051" [_thread_blocked, id=5174, stack(0x77e81000,0x77f81000)]
  0x02727400 JavaThread "pi4j-gpio-event-executor-1050" [_thread_blocked, id=5173, stack(0x77d81000,0x77e81000)]
  0x4fead400 JavaThread "pi4j-gpio-event-executor-1049" [_thread_blocked, id=5172, stack(0x77c81000,0x77d81000)]
  0x02725c00 JavaThread "pi4j-gpio-event-executor-1048" [_thread_blocked, id=5171, stack(0x77b81000,0x77c81000)]
  0x4feab000 JavaThread "pi4j-gpio-event-executor-1047" [_thread_blocked, id=5170, stack(0x77a81000,0x77b81000)]
  0x02724400 JavaThread "pi4j-gpio-event-executor-1046" [_thread_blocked, id=5169, stack(0x77981000,0x77a81000)]
  0x4fea9800 JavaThread "pi4j-gpio-event-executor-1045" [_thread_blocked, id=5168, stack(0x77881000,0x77981000)]
  0x4fea8c00 JavaThread "pi4j-gpio-event-executor-1044" [_thread_blocked, id=5167, stack(0x77781000,0x77881000)]
  0x4fea7800 JavaThread "pi4j-gpio-event-executor-1043" [_thread_blocked, id=5166, stack(0x77681000,0x77781000)]
  0x02722000 JavaThread "pi4j-gpio-event-executor-1042" [_thread_blocked, id=5165, stack(0x77581000,0x77681000)]
  0x4fea5c00 JavaThread "pi4j-gpio-event-executor-1041" [_thread_blocked, id=5164, stack(0x77481000,0x77581000)]
  0x02720800 JavaThread "pi4j-gpio-event-executor-1040" [_thread_blocked, id=5163, stack(0x77381000,0x77481000)]
  0x4fea4400 JavaThread "pi4j-gpio-event-executor-1039" [_thread_blocked, id=5162, stack(0x77281000,0x77381000)]
  0x0271f000 JavaThread "pi4j-gpio-event-executor-1038" [_thread_blocked, id=5161, stack(0x77181000,0x77281000)]
  0x4fea2c00 JavaThread "pi4j-gpio-event-executor-1037" [_thread_blocked, id=5160, stack(0x77081000,0x77181000)]
  0x0271d800 JavaThread "pi4j-gpio-event-executor-1036" [_thread_blocked, id=5159, stack(0x76f81000,0x77081000)]
  0x4fea1400 JavaThread "pi4j-gpio-event-executor-1035" [_thread_blocked, id=5158, stack(0x00073000,0x00173000)]
  0x0271c400 JavaThread "pi4j-gpio-event-executor-1034" [_thread_blocked, id=5157, stack(0x00173000,0x00273000)]
  0x0271b800 JavaThread "pi4j-gpio-event-executor-1033" [_thread_blocked, id=5156, stack(0x00273000,0x00373000)]
  0x4fe9f000 JavaThread "pi4j-gpio-event-executor-1032" [_thread_blocked, id=5155, stack(0x00373000,0x00473000)]
  0x0271a000 JavaThread "pi4j-gpio-event-executor-1031" [_thread_blocked, id=5154, stack(0x00473000,0x00573000)]
  0x02718800 JavaThread "pi4j-gpio-event-executor-1030" [_thread_blocked, id=5153, stack(0x00573000,0x00673000)]
  0x4fe9d800 JavaThread "pi4j-gpio-event-executor-1029" [_thread_blocked, id=5152, stack(0x00673000,0x00773000)]
  0x02717000 JavaThread "pi4j-gpio-event-executor-1028" [_thread_blocked, id=5151, stack(0x00800000,0x00900000)]
  0x4fe9c000 JavaThread "pi4j-gpio-event-executor-1027" [_thread_blocked, id=5150, stack(0x00900000,0x00a00000)]
  0x02715800 JavaThread "pi4j-gpio-event-executor-1026" [_thread_blocked, id=5149, stack(0x00a00000,0x00b00000)]
  0x4fe9a800 JavaThread "pi4j-gpio-event-executor-1025" [_thread_blocked, id=5148, stack(0x00b00000,0x00c00000)]
  0x02714000 JavaThread "pi4j-gpio-event-executor-1024" [_thread_blocked, id=5147, stack(0x00c00000,0x00d00000)]
  0x4fe99000 JavaThread "pi4j-gpio-event-executor-1023" [_thread_blocked, id=5146, stack(0x00d00000,0x00e00000)]
  0x02712800 JavaThread "pi4j-gpio-event-executor-1022" [_thread_blocked, id=5145, stack(0x00e00000,0x00f00000)]
  0x4fe97800 JavaThread "pi4j-gpio-event-executor-1021" [_thread_blocked, id=5144, stack(0x00f00000,0x01000000)]
  0x02711000 JavaThread "pi4j-gpio-event-executor-1020" [_thread_blocked, id=5143, stack(0x01000000,0x01100000)]
  0x02710400 JavaThread "pi4j-gpio-event-executor-1019" [_thread_blocked, id=5142, stack(0x01100000,0x01200000)]
  0x4fe96000 JavaThread "pi4j-gpio-event-executor-1018" [_thread_blocked, id=5141, stack(0x01200000,0x01300000)]
  0x4fe94800 JavaThread "pi4j-gpio-event-executor-1016" [_thread_blocked, id=5140, stack(0x01300000,0x01400000)]
  0x0270e000 JavaThread "pi4j-gpio-event-executor-1017" [_thread_blocked, id=5139, stack(0x01400000,0x01500000)]
  0x0270d400 JavaThread "pi4j-gpio-event-executor-1015" [_thread_blocked, id=5138, stack(0x01500000,0x01600000)]
  0x0270bc00 JavaThread "pi4j-gpio-event-executor-1013" [_thread_blocked, id=5137, stack(0x01600000,0x01700000)]
  0x4fe92400 JavaThread "pi4j-gpio-event-executor-1014" [_thread_blocked, id=5136, stack(0x01700000,0x01800000)]
  0x4fe90c00 JavaThread "pi4j-gpio-event-executor-1011" [_thread_blocked, id=5135, stack(0x01800000,0x01900000)]
  0x0270a400 JavaThread "pi4j-gpio-event-executor-1012" [_thread_blocked, id=5134, stack(0x01900000,0x01a00000)]
  0x4fe90400 JavaThread "pi4j-gpio-event-executor-1010" [_thread_blocked, id=5133, stack(0x01a00000,0x01b00000)]
  0x02708c00 JavaThread "pi4j-gpio-event-executor-1009" [_thread_blocked, id=5132, stack(0x01b00000,0x01c00000)]
  0x4fe8dc00 JavaThread "pi4j-gpio-event-executor-1008" [_thread_blocked, id=5131, stack(0x01c00000,0x01d00000)]
  0x02707400 JavaThread "pi4j-gpio-event-executor-1007" [_thread_blocked, id=5130, stack(0x01d00000,0x01e00000)]
  0x4fe8d000 JavaThread "pi4j-gpio-event-executor-1006" [_thread_blocked, id=5129, stack(0x01e00000,0x01f00000)]
  0x4fe8bc00 JavaThread "pi4j-gpio-event-executor-1005" [_thread_blocked, id=5128, stack(0x01f00000,0x02000000)]
  0x02705000 JavaThread "pi4j-gpio-event-executor-1004" [_thread_blocked, id=5127, stack(0x02000000,0x02100000)]
  0x02703800 JavaThread "pi4j-gpio-event-executor-1003" [_thread_blocked, id=5126, stack(0x02100000,0x02200000)]
  0x4fe8a400 JavaThread "pi4j-gpio-event-executor-1002" [_thread_blocked, id=5125, stack(0x02200000,0x02300000)]
  0x02702c00 JavaThread "pi4j-gpio-event-executor-1001" [_thread_blocked, id=5124, stack(0x02300000,0x02400000)]
  0x4fe87c00 JavaThread "pi4j-gpio-event-executor-1000" [_thread_blocked, id=5123, stack(0x02400000,0x02500000)]
  0x02701400 JavaThread "pi4j-gpio-event-executor-999" [_thread_blocked, id=5122, stack(0x02500000,0x02600000)]
  0x4fe86400 JavaThread "pi4j-gpio-event-executor-998" [_thread_blocked, id=5121, stack(0x02600000,0x02700000)]
  0x02700400 JavaThread "pi4j-gpio-event-executor-997" [_thread_blocked, id=5120, stack(0x02800000,0x02900000)]
  0x4fe85800 JavaThread "pi4j-gpio-event-executor-996" [_thread_blocked, id=5119, stack(0x02900000,0x02a00000)]
  0x179fe400 JavaThread "pi4j-gpio-event-executor-995" [_thread_blocked, id=5118, stack(0x02a00000,0x02b00000)]
  0x179fcc00 JavaThread "pi4j-gpio-event-executor-993" [_thread_blocked, id=5117, stack(0x02b00000,0x02c00000)]
  0x4fe83400 JavaThread "pi4j-gpio-event-executor-994" [_thread_blocked, id=5116, stack(0x02c00000,0x02d00000)]
  0x4fe81c00 JavaThread "pi4j-gpio-event-executor-992" [_thread_blocked, id=5115, stack(0x02d00000,0x02e00000)]
  0x179fb400 JavaThread "pi4j-gpio-event-executor-991" [_thread_blocked, id=5114, stack(0x02e00000,0x02f00000)]
  0x4fe80800 JavaThread "pi4j-gpio-event-executor-990" [_thread_blocked, id=5113, stack(0x02f00000,0x03000000)]
  0x179f9800 JavaThread "pi4j-gpio-event-executor-988" [_thread_blocked, id=5112, stack(0x03000000,0x03100000)]
  0x4fe7f000 JavaThread "pi4j-gpio-event-executor-989" [_thread_blocked, id=5111, stack(0x03100000,0x03200000)]
  0x179f8c00 JavaThread "pi4j-gpio-event-executor-987" [_thread_blocked, id=5110, stack(0x03200000,0x03300000)]
  0x4fe7cc00 JavaThread "pi4j-gpio-event-executor-986" [_thread_blocked, id=5109, stack(0x03300000,0x03400000)]
  0x179f7400 JavaThread "pi4j-gpio-event-executor-985" [_thread_blocked, id=5108, stack(0x03400000,0x03500000)]
  0x179f5c00 JavaThread "pi4j-gpio-event-executor-984" [_thread_blocked, id=5107, stack(0x03500000,0x03600000)]
  0x4fe7b400 JavaThread "pi4j-gpio-event-executor-983" [_thread_blocked, id=5106, stack(0x03600000,0x03700000)]
  0x179f4400 JavaThread "pi4j-gpio-event-executor-982" [_thread_blocked, id=5105, stack(0x03700000,0x03800000)]
  0x179f3800 JavaThread "pi4j-gpio-event-executor-981" [_thread_blocked, id=5104, stack(0x03800000,0x03900000)]
  0x4fe78c00 JavaThread "pi4j-gpio-event-executor-980" [_thread_blocked, id=5103, stack(0x03900000,0x03a00000)]
  0x179f2000 JavaThread "pi4j-gpio-event-executor-979" [_thread_blocked, id=5102, stack(0x03a00000,0x03b00000)]
  0x179f0800 JavaThread "pi4j-gpio-event-executor-978" [_thread_blocked, id=5101, stack(0x03b00000,0x03c00000)]
  0x4fe77400 JavaThread "pi4j-gpio-event-executor-977" [_thread_blocked, id=5100, stack(0x03c00000,0x03d00000)]
  0x179efc00 JavaThread "pi4j-gpio-event-executor-976" [_thread_blocked, id=5099, stack(0x03d00000,0x03e00000)]
  0x179ee400 JavaThread "pi4j-gpio-event-executor-974" [_thread_blocked, id=5098, stack(0x03e00000,0x03f00000)]
  0x4fe75000 JavaThread "pi4j-gpio-event-executor-975" [_thread_blocked, id=5097, stack(0x03f00000,0x04000000)]
  0x4fe73800 JavaThread "pi4j-gpio-event-executor-973" [_thread_blocked, id=5096, stack(0x04000000,0x04100000)]
  0x179ecc00 JavaThread "pi4j-gpio-event-executor-972" [_thread_blocked, id=5095, stack(0x04100000,0x04200000)]
  0x179ec000 JavaThread "pi4j-gpio-event-executor-971" [_thread_blocked, id=5094, stack(0x04200000,0x04300000)]
  0x4fe71400 JavaThread "pi4j-gpio-event-executor-970" [_thread_blocked, id=5093, stack(0x04300000,0x04400000)]
  0x179ea800 JavaThread "pi4j-gpio-event-executor-969" [_thread_blocked, id=5092, stack(0x04400000,0x04500000)]
  0x179e9000 JavaThread "pi4j-gpio-event-executor-968" [_thread_blocked, id=5091, stack(0x04500000,0x04600000)]
  0x4fe6fc00 JavaThread "pi4j-gpio-event-executor-967" [_thread_blocked, id=5090, stack(0x04600000,0x04700000)]
  0x179e7800 JavaThread "pi4j-gpio-event-executor-966" [_thread_blocked, id=5089, stack(0x04700000,0x04800000)]
  0x4fe6e400 JavaThread "pi4j-gpio-event-executor-965" [_thread_blocked, id=5088, stack(0x04800000,0x04900000)]
  0x179e6000 JavaThread "pi4j-gpio-event-executor-964" [_thread_blocked, id=5087, stack(0x04900000,0x04a00000)]
  0x4fe6d800 JavaThread "pi4j-gpio-event-executor-963" [_thread_blocked, id=5086, stack(0x04a00000,0x04b00000)]
  0x179e3c00 JavaThread "pi4j-gpio-event-executor-962" [_thread_blocked, id=5085, stack(0x04b00000,0x04c00000)]
  0x179e3000 JavaThread "pi4j-gpio-event-executor-961" [_thread_blocked, id=5084, stack(0x04c00000,0x04d00000)]
  0x4fe6bc00 JavaThread "pi4j-gpio-event-executor-960" [_thread_blocked, id=5083, stack(0x04d00000,0x04e00000)]
  0x179e0c00 JavaThread "pi4j-gpio-event-executor-958" [_thread_blocked, id=5082, stack(0x04e00000,0x04f00000)]
  0x4fe6a800 JavaThread "pi4j-gpio-event-executor-959" [_thread_blocked, id=5081, stack(0x04f00000,0x05000000)]
  0x179df400 JavaThread "pi4j-gpio-event-executor-957" [_thread_blocked, id=5080, stack(0x05000000,0x05100000)]
  0x4fe69000 JavaThread "pi4j-gpio-event-executor-956" [_thread_blocked, id=5079, stack(0x05100000,0x05200000)]
  0x179de800 JavaThread "pi4j-gpio-event-executor-955" [_thread_blocked, id=5078, stack(0x05200000,0x05300000)]
  0x4fe66800 JavaThread "pi4j-gpio-event-executor-954" [_thread_blocked, id=5077, stack(0x05300000,0x05400000)]
  0x179dd000 JavaThread "pi4j-gpio-event-executor-953" [_thread_blocked, id=5076, stack(0x05400000,0x05500000)]
  0x4fe65c00 JavaThread "pi4j-gpio-event-executor-952" [_thread_blocked, id=5075, stack(0x05500000,0x05600000)]
  0x4fe64800 JavaThread "pi4j-gpio-event-executor-950" [_thread_blocked, id=5074, stack(0x05600000,0x05700000)]
  0x179dac00 JavaThread "pi4j-gpio-event-executor-951" [_thread_blocked, id=5073, stack(0x05700000,0x05800000)]
  0x179d9400 JavaThread "pi4j-gpio-event-executor-948" [_thread_blocked, id=5072, stack(0x05800000,0x05900000)]
  0x4fe63000 JavaThread "pi4j-gpio-event-executor-949" [_thread_blocked, id=5071, stack(0x05900000,0x05a00000)]
  0x179d8800 JavaThread "pi4j-gpio-event-executor-947" [_thread_blocked, id=5070, stack(0x05a00000,0x05b00000)]
  0x4fe61400 JavaThread "pi4j-gpio-event-executor-946" [_thread_blocked, id=5069, stack(0x05b00000,0x05c00000)]
  0x179d6400 JavaThread "pi4j-gpio-event-executor-944" [_thread_blocked, id=5068, stack(0x05c00000,0x05d00000)]
  0x4fe5fc00 JavaThread "pi4j-gpio-event-executor-945" [_thread_blocked, id=5067, stack(0x05d00000,0x05e00000)]
  0x4fe5e400 JavaThread "pi4j-gpio-event-executor-943" [_thread_blocked, id=5066, stack(0x05e00000,0x05f00000)]
  0x179d4c00 JavaThread "pi4j-gpio-event-executor-942" [_thread_blocked, id=5065, stack(0x05f00000,0x06000000)]
  0x179d4000 JavaThread "pi4j-gpio-event-executor-941" [_thread_blocked, id=5064, stack(0x06000000,0x06100000)]
  0x4fe5cc00 JavaThread "pi4j-gpio-event-executor-940" [_thread_blocked, id=5063, stack(0x06100000,0x06200000)]
  0x179d1c00 JavaThread "pi4j-gpio-event-executor-938" [_thread_blocked, id=5062, stack(0x06200000,0x06300000)]
  0x4fe5b400 JavaThread "pi4j-gpio-event-executor-939" [_thread_blocked, id=5061, stack(0x06300000,0x06400000)]
  0x179d0400 JavaThread "pi4j-gpio-event-executor-937" [_thread_blocked, id=5060, stack(0x06400000,0x06500000)]
  0x4fe59c00 JavaThread "pi4j-gpio-event-executor-936" [_thread_blocked, id=5059, stack(0x06500000,0x06600000)]
  0x179cf800 JavaThread "pi4j-gpio-event-executor-935" [_thread_blocked, id=5058, stack(0x06600000,0x06700000)]
  0x179ce000 JavaThread "pi4j-gpio-event-executor-934" [_thread_blocked, id=5057, stack(0x06700000,0x06800000)]
  0x4fe58400 JavaThread "pi4j-gpio-event-executor-933" [_thread_blocked, id=5056, stack(0x06800000,0x06900000)]
  0x179cbc00 JavaThread "pi4j-gpio-event-executor-932" [_thread_blocked, id=5055, stack(0x06900000,0x06a00000)]
  0x179cb400 JavaThread "pi4j-gpio-event-executor-931" [_thread_blocked, id=5054, stack(0x06a00000,0x06b00000)]
  0x4fe56c00 JavaThread "pi4j-gpio-event-executor-930" [_thread_blocked, id=5053, stack(0x06b00000,0x06c00000)]
  0x4fe55400 JavaThread "pi4j-gpio-event-executor-929" [_thread_blocked, id=5052, stack(0x06c00000,0x06d00000)]
  0x179c8c00 JavaThread "pi4j-gpio-event-executor-928" [_thread_blocked, id=5051, stack(0x06d00000,0x06e00000)]
  0x179c8400 JavaThread "pi4j-gpio-event-executor-927" [_thread_blocked, id=5050, stack(0x06e00000,0x06f00000)]
  0x4fe53c00 JavaThread "pi4j-gpio-event-executor-926" [_thread_blocked, id=5049, stack(0x06f00000,0x07000000)]
  0x4fe52400 JavaThread "pi4j-gpio-event-executor-925" [_thread_blocked, id=5048, stack(0x07000000,0x07100000)]
  0x179c5c00 JavaThread "pi4j-gpio-event-executor-924" [_thread_blocked, id=5047, stack(0x07100000,0x07200000)]
  0x179c5000 JavaThread "pi4j-gpio-event-executor-923" [_thread_blocked, id=5046, stack(0x07200000,0x07300000)]
  0x4fe50000 JavaThread "pi4j-gpio-event-executor-922" [_thread_blocked, id=5045, stack(0x07300000,0x07400000)]
  0x179c3c00 JavaThread "pi4j-gpio-event-executor-921" [_thread_blocked, id=5044, stack(0x07400000,0x07500000)]
  0x4fe4f000 JavaThread "pi4j-gpio-event-executor-920" [_thread_blocked, id=5043, stack(0x07500000,0x07600000)]
  0x179c1c00 JavaThread "pi4j-gpio-event-executor-919" [_thread_blocked, id=5042, stack(0x07600000,0x07700000)]
  0x4fe4d800 JavaThread "pi4j-gpio-event-executor-918" [_thread_blocked, id=5041, stack(0x07700000,0x07800000)]
  0x179c0400 JavaThread "pi4j-gpio-event-executor-917" [_thread_blocked, id=5040, stack(0x07800000,0x07900000)]
  0x179bec00 JavaThread "pi4j-gpio-event-executor-916" [_thread_blocked, id=5039, stack(0x07900000,0x07a00000)]
  0x4fe4c000 JavaThread "pi4j-gpio-event-executor-915" [_thread_blocked, id=5038, stack(0x07a00000,0x07b00000)]
  0x179be000 JavaThread "pi4j-gpio-event-executor-914" [_thread_blocked, id=5037, stack(0x07b00000,0x07c00000)]
  0x4fe49800 JavaThread "pi4j-gpio-event-executor-913" [_thread_blocked, id=5036, stack(0x07c00000,0x07d00000)]
  0x179bc800 JavaThread "pi4j-gpio-event-executor-912" [_thread_blocked, id=5035, stack(0x07d00000,0x07e00000)]
  0x4fe48000 JavaThread "pi4j-gpio-event-executor-911" [_thread_blocked, id=5034, stack(0x07e00000,0x07f00000)]
  0x179bb000 JavaThread "pi4j-gpio-event-executor-910" [_thread_blocked, id=5033, stack(0x07f00000,0x08000000)]
  0x4fe47800 JavaThread "pi4j-gpio-event-executor-909" [_thread_blocked, id=5032, stack(0x08000000,0x08100000)]
  0x179b8800 JavaThread "pi4j-gpio-event-executor-908" [_thread_blocked, id=5031, stack(0x08100000,0x08200000)]
  0x4faec000 JavaThread "pi4j-gpio-event-executor-907" [_thread_blocked, id=5030, stack(0x08200000,0x08300000)]
  0x179b8000 JavaThread "pi4j-gpio-event-executor-906" [_thread_blocked, id=5029, stack(0x08300000,0x08400000)]
  0x4fae9800 JavaThread "pi4j-gpio-event-executor-904" [_thread_blocked, id=5028, stack(0x08400000,0x08500000)]
  0x179b6800 JavaThread "pi4j-gpio-event-executor-905" [_thread_blocked, id=5027, stack(0x08500000,0x08600000)]
  0x4fae8000 JavaThread "pi4j-gpio-event-executor-903" [_thread_blocked, id=5026, stack(0x08600000,0x08700000)]
  0x179b4c00 JavaThread "pi4j-gpio-event-executor-902" [_thread_blocked, id=5025, stack(0x08700000,0x08800000)]
  0x179b4000 JavaThread "pi4j-gpio-event-executor-901" [_thread_blocked, id=5024, stack(0x08800000,0x08900000)]
  0x179b2c00 JavaThread "pi4j-gpio-event-executor-900" [_thread_blocked, id=5023, stack(0x08900000,0x08a00000)]
  0x4fae5c00 JavaThread "pi4j-gpio-event-executor-899" [_thread_blocked, id=5022, stack(0x08a00000,0x08b00000)]
  0x179b1400 JavaThread "pi4j-gpio-event-executor-898" [_thread_blocked, id=5021, stack(0x08b00000,0x08c00000)]
  0x4fae4400 JavaThread "pi4j-gpio-event-executor-897" [_thread_blocked, id=5020, stack(0x08c00000,0x08d00000)]
  0x179afc00 JavaThread "pi4j-gpio-event-executor-895" [_thread_blocked, id=5019, stack(0x08d00000,0x08e00000)]
  0x4fae2c00 JavaThread "pi4j-gpio-event-executor-896" [_thread_blocked, id=5018, stack(0x08e00000,0x08f00000)]
  0x179ae400 JavaThread "pi4j-gpio-event-executor-894" [_thread_blocked, id=5017, stack(0x08f00000,0x09000000)]
  0x4fae1400 JavaThread "pi4j-gpio-event-executor-893" [_thread_blocked, id=5016, stack(0x09000000,0x09100000)]
  0x179ad400 JavaThread "pi4j-gpio-event-executor-891" [_thread_blocked, id=5015, stack(0x09100000,0x09200000)]
  0x4fadf400 JavaThread "pi4j-gpio-event-executor-892" [_thread_blocked, id=5014, stack(0x09200000,0x09300000)]
  0x4fade800 JavaThread "pi4j-gpio-event-executor-890" [_thread_blocked, id=5013, stack(0x09300000,0x09400000)]
  0x179ab000 JavaThread "pi4j-gpio-event-executor-889" [_thread_blocked, id=5012, stack(0x09400000,0x09500000)]
  0x4fadd000 JavaThread "pi4j-gpio-event-executor-888" [_thread_blocked, id=5011, stack(0x09500000,0x09600000)]
  0x4fadb800 JavaThread "pi4j-gpio-event-executor-887" [_thread_blocked, id=5010, stack(0x09600000,0x09700000)]
  0x179a9800 JavaThread "pi4j-gpio-event-executor-886" [_thread_blocked, id=5009, stack(0x09700000,0x09800000)]
  0x4fadac00 JavaThread "pi4j-gpio-event-executor-885" [_thread_blocked, id=5008, stack(0x09800000,0x09900000)]
  0x179a7400 JavaThread "pi4j-gpio-event-executor-884" [_thread_blocked, id=5007, stack(0x09900000,0x09a00000)]
  0x4fad9400 JavaThread "pi4j-gpio-event-executor-883" [_thread_blocked, id=5006, stack(0x09a00000,0x09b00000)]
  0x179a5c00 JavaThread "pi4j-gpio-event-executor-882" [_thread_blocked, id=5005, stack(0x09b00000,0x09c00000)]
  0x4fad7c00 JavaThread "pi4j-gpio-event-executor-881" [_thread_blocked, id=5004, stack(0x09c00000,0x09d00000)]
  0x179a4400 JavaThread "pi4j-gpio-event-executor-880" [_thread_blocked, id=5003, stack(0x09d00000,0x09e00000)]
  0x4fad6400 JavaThread "pi4j-gpio-event-executor-879" [_thread_blocked, id=5002, stack(0x09e00000,0x09f00000)]
  0x179a2c00 JavaThread "pi4j-gpio-event-executor-878" [_thread_blocked, id=5001, stack(0x09f00000,0x0a000000)]
  0x179a2000 JavaThread "pi4j-gpio-event-executor-877" [_thread_blocked, id=5000, stack(0x0a000000,0x0a100000)]
  0x179a0c00 JavaThread "pi4j-gpio-event-executor-876" [_thread_blocked, id=4999, stack(0x0a100000,0x0a200000)]
  0x4fad3c00 JavaThread "pi4j-gpio-event-executor-875" [_thread_blocked, id=4998, stack(0x0a200000,0x0a300000)]
  0x179a0000 JavaThread "pi4j-gpio-event-executor-874" [_thread_blocked, id=4997, stack(0x0a300000,0x0a400000)]
  0x4fad1800 JavaThread "pi4j-gpio-event-executor-873" [_thread_blocked, id=4996, stack(0x0a400000,0x0a500000)]
  0x1799f400 JavaThread "pi4j-gpio-event-executor-872" [_thread_blocked, id=4995, stack(0x0a500000,0x0a600000)]
  0x4facf400 JavaThread "pi4j-gpio-event-executor-871" [_thread_blocked, id=4994, stack(0x0a600000,0x0a700000)]
  0x1799dc00 JavaThread "pi4j-gpio-event-executor-870" [_thread_blocked, id=4993, stack(0x0a700000,0x0a800000)]
  0x4facdc00 JavaThread "pi4j-gpio-event-executor-869" [_thread_blocked, id=4992, stack(0x0a800000,0x0a900000)]
  0x1799c400 JavaThread "pi4j-gpio-event-executor-868" [_thread_blocked, id=4991, stack(0x0a900000,0x0aa00000)]
  0x4facc800 JavaThread "pi4j-gpio-event-executor-867" [_thread_blocked, id=4990, stack(0x0aa00000,0x0ab00000)]
  0x1799ac00 JavaThread "pi4j-gpio-event-executor-866" [_thread_blocked, id=4989, stack(0x0ab00000,0x0ac00000)]
  0x4facac00 JavaThread "pi4j-gpio-event-executor-865" [_thread_blocked, id=4988, stack(0x0ac00000,0x0ad00000)]
  0x17999400 JavaThread "pi4j-gpio-event-executor-864" [_thread_blocked, id=4987, stack(0x0ad00000,0x0ae00000)]
  0x17998800 JavaThread "pi4j-gpio-event-executor-863" [_thread_blocked, id=4986, stack(0x0ae00000,0x0af00000)]
  0x4fac9400 JavaThread "pi4j-gpio-event-executor-862" [_thread_blocked, id=4985, stack(0x0af00000,0x0b000000)]
  0x17996400 JavaThread "pi4j-gpio-event-executor-860" [_thread_blocked, id=4984, stack(0x0b000000,0x0b100000)]
  0x4fac7c00 JavaThread "pi4j-gpio-event-executor-861" [_thread_blocked, id=4983, stack(0x0b100000,0x0b200000)]
  0x4fac6400 JavaThread "pi4j-gpio-event-executor-859" [_thread_blocked, id=4982, stack(0x0b200000,0x0b300000)]
  0x17994c00 JavaThread "pi4j-gpio-event-executor-858" [_thread_blocked, id=4981, stack(0x0b300000,0x0b400000)]
  0x17994000 JavaThread "pi4j-gpio-event-executor-857" [_thread_blocked, id=4980, stack(0x0b400000,0x0b500000)]
  0x4fac4000 JavaThread "pi4j-gpio-event-executor-855" [_thread_blocked, id=4979, stack(0x0b500000,0x0b600000)]
  0x17992800 JavaThread "pi4j-gpio-event-executor-856" [_thread_blocked, id=4978, stack(0x0b600000,0x0b700000)]
  0x4fac2800 JavaThread "pi4j-gpio-event-executor-853" [_thread_blocked, id=4977, stack(0x0b700000,0x0b800000)]
  0x17991000 JavaThread "pi4j-gpio-event-executor-854" [_thread_blocked, id=4976, stack(0x0b800000,0x0b900000)]
  0x4fac1c00 JavaThread "pi4j-gpio-event-executor-852" [_thread_blocked, id=4975, stack(0x0b900000,0x0ba00000)]
  0x1798ec00 JavaThread "pi4j-gpio-event-executor-850" [_thread_blocked, id=4974, stack(0x0ba00000,0x0bb00000)]
  0x4fac0400 JavaThread "pi4j-gpio-event-executor-851" [_thread_blocked, id=4973, stack(0x0bb00000,0x0bc00000)]
  0x4fabec00 JavaThread "pi4j-gpio-event-executor-849" [_thread_blocked, id=4972, stack(0x0bc00000,0x0bd00000)]
  0x1798d400 JavaThread "pi4j-gpio-event-executor-848" [_thread_blocked, id=4971, stack(0x0bd00000,0x0be00000)]
  0x1798c800 JavaThread "pi4j-gpio-event-executor-847" [_thread_blocked, id=4970, stack(0x0be00000,0x0bf00000)]
  0x4fabc400 JavaThread "pi4j-gpio-event-executor-846" [_thread_blocked, id=4969, stack(0x0bf00000,0x0c000000)]
  0x1798b000 JavaThread "pi4j-gpio-event-executor-845" [_thread_blocked, id=4968, stack(0x0c000000,0x0c100000)]
  0x17989800 JavaThread "pi4j-gpio-event-executor-844" [_thread_blocked, id=4967, stack(0x0c100000,0x0c200000)]
  0x4fabac00 JavaThread "pi4j-gpio-event-executor-843" [_thread_blocked, id=4966, stack(0x0c200000,0x0c300000)]
  0x17988000 JavaThread "pi4j-gpio-event-executor-842" [_thread_blocked, id=4965, stack(0x0c300000,0x0c400000)]
  0x4fab9400 JavaThread "pi4j-gpio-event-executor-841" [_thread_blocked, id=4964, stack(0x0c400000,0x0c500000)]
  0x17986800 JavaThread "pi4j-gpio-event-executor-840" [_thread_blocked, id=4963, stack(0x0c500000,0x0c600000)]
  0x17985c00 JavaThread "pi4j-gpio-event-executor-839" [_thread_blocked, id=4962, stack(0x0c600000,0x0c700000)]
  0x4fab7c00 JavaThread "pi4j-gpio-event-executor-838" [_thread_blocked, id=4961, stack(0x0c700000,0x0c800000)]
  0x4fab6800 JavaThread "pi4j-gpio-event-executor-837" [_thread_blocked, id=4960, stack(0x0c800000,0x0c900000)]
  0x17983800 JavaThread "pi4j-gpio-event-executor-836" [_thread_blocked, id=4959, stack(0x0c900000,0x0ca00000)]
  0x4fab4c00 JavaThread "pi4j-gpio-event-executor-835" [_thread_blocked, id=4958, stack(0x0ca00000,0x0cb00000)]
  0x17982000 JavaThread "pi4j-gpio-event-executor-834" [_thread_blocked, id=4957, stack(0x0cb00000,0x0cc00000)]
  0x17981400 JavaThread "pi4j-gpio-event-executor-833" [_thread_blocked, id=4956, stack(0x0cc00000,0x0cd00000)]
  0x4fab2800 JavaThread "pi4j-gpio-event-executor-832" [_thread_blocked, id=4955, stack(0x0cd00000,0x0ce00000)]
  0x1797fc00 JavaThread "pi4j-gpio-event-executor-830" [_thread_blocked, id=4954, stack(0x0ce00000,0x0cf00000)]
  0x4fab1400 JavaThread "pi4j-gpio-event-executor-831" [_thread_blocked, id=4953, stack(0x0cf00000,0x0d000000)]
  0x1797e400 JavaThread "pi4j-gpio-event-executor-828" [_thread_blocked, id=4952, stack(0x0d000000,0x0d100000)]
  0x4faafc00 JavaThread "pi4j-gpio-event-executor-829" [_thread_blocked, id=4951, stack(0x0d100000,0x0d200000)]
  0x1797d800 JavaThread "pi4j-gpio-event-executor-827" [_thread_blocked, id=4950, stack(0x0d200000,0x0d300000)]
  0x4faae400 JavaThread "pi4j-gpio-event-executor-826" [_thread_blocked, id=4949, stack(0x0d300000,0x0d400000)]
  0x4faacc00 JavaThread "pi4j-gpio-event-executor-824" [_thread_blocked, id=4948, stack(0x0d400000,0x0d500000)]
  0x1797b400 JavaThread "pi4j-gpio-event-executor-825" [_thread_blocked, id=4947, stack(0x0d500000,0x0d600000)]
  0x1797a800 JavaThread "pi4j-gpio-event-executor-823" [_thread_blocked, id=4946, stack(0x0d600000,0x0d700000)]
  0x17979000 JavaThread "pi4j-gpio-event-executor-822" [_thread_blocked, id=4945, stack(0x0d700000,0x0d800000)]
  0x4faaa800 JavaThread "pi4j-gpio-event-executor-821" [_thread_blocked, id=4944, stack(0x0d800000,0x0d900000)]
  0x17977800 JavaThread "pi4j-gpio-event-executor-820" [_thread_blocked, id=4943, stack(0x0d900000,0x0da00000)]
  0x4faa9000 JavaThread "pi4j-gpio-event-executor-819" [_thread_blocked, id=4942, stack(0x0da00000,0x0db00000)]
  0x4faa7800 JavaThread "pi4j-gpio-event-executor-817" [_thread_blocked, id=4941, stack(0x0db00000,0x0dc00000)]
  0x17976000 JavaThread "pi4j-gpio-event-executor-818" [_thread_blocked, id=4940, stack(0x0dc00000,0x0dd00000)]
  0x17974800 JavaThread "pi4j-gpio-event-executor-816" [_thread_blocked, id=4939, stack(0x0dd00000,0x0de00000)]
  0x4faa6000 JavaThread "pi4j-gpio-event-executor-815" [_thread_blocked, id=4938, stack(0x0de00000,0x0df00000)]
  0x17973c00 JavaThread "pi4j-gpio-event-executor-814" [_thread_blocked, id=4937, stack(0x0df00000,0x0e000000)]
  0x4faa4400 JavaThread "pi4j-gpio-event-executor-813" [_thread_blocked, id=4936, stack(0x0e000000,0x0e100000)]
  0x17971800 JavaThread "pi4j-gpio-event-executor-812" [_thread_blocked, id=4935, stack(0x0e100000,0x0e200000)]
  0x4faa2c00 JavaThread "pi4j-gpio-event-executor-811" [_thread_blocked, id=4934, stack(0x0e200000,0x0e300000)]
  0x17970000 JavaThread "pi4j-gpio-event-executor-810" [_thread_blocked, id=4933, stack(0x0e300000,0x0e400000)]
  0x4faa1400 JavaThread "pi4j-gpio-event-executor-808" [_thread_blocked, id=4932, stack(0x0e400000,0x0e500000)]
  0x1796e800 JavaThread "pi4j-gpio-event-executor-809" [_thread_blocked, id=4931, stack(0x0e500000,0x0e600000)]
  0x1796dc00 JavaThread "pi4j-gpio-event-executor-807" [_thread_blocked, id=4930, stack(0x0e600000,0x0e700000)]
  0x4fa9f000 JavaThread "pi4j-gpio-event-executor-806" [_thread_blocked, id=4929, stack(0x0e700000,0x0e800000)]
  0x1796c000 JavaThread "pi4j-gpio-event-executor-805" [_thread_blocked, id=4928, stack(0x0e800000,0x0e900000)]
  0x4fa9e400 JavaThread "pi4j-gpio-event-executor-804" [_thread_blocked, id=4927, stack(0x0e900000,0x0ea00000)]
  0x1796ac00 JavaThread "pi4j-gpio-event-executor-803" [_thread_blocked, id=4926, stack(0x0ea00000,0x0eb00000)]
  0x4fa9cc00 JavaThread "pi4j-gpio-event-executor-802" [_thread_blocked, id=4925, stack(0x0eb00000,0x0ec00000)]
  0x17969000 JavaThread "pi4j-gpio-event-executor-801" [_thread_blocked, id=4924, stack(0x0ec00000,0x0ed00000)]
  0x4fa9a800 JavaThread "pi4j-gpio-event-executor-800" [_thread_blocked, id=4923, stack(0x0ed00000,0x0ee00000)]
  0x17968800 JavaThread "pi4j-gpio-event-executor-799" [_thread_blocked, id=4922, stack(0x0ee00000,0x0ef00000)]
  0x4fa99000 JavaThread "pi4j-gpio-event-executor-798" [_thread_blocked, id=4921, stack(0x0ef00000,0x0f000000)]
  0x17966000 JavaThread "pi4j-gpio-event-executor-797" [_thread_blocked, id=4920, stack(0x0f000000,0x0f100000)]
  0x4fa97800 JavaThread "pi4j-gpio-event-executor-795" [_thread_blocked, id=4919, stack(0x0f100000,0x0f200000)]
  0x17964c00 JavaThread "pi4j-gpio-event-executor-796" [_thread_blocked, id=4918, stack(0x0f200000,0x0f300000)]
  0x17963000 JavaThread "pi4j-gpio-event-executor-794" [_thread_blocked, id=4917, stack(0x0f300000,0x0f400000)]
  0x4fa96000 JavaThread "pi4j-gpio-event-executor-793" [_thread_blocked, id=4916, stack(0x0f400000,0x0f500000)]
  0x4fa94800 JavaThread "pi4j-gpio-event-executor-792" [_thread_blocked, id=4915, stack(0x0f500000,0x0f600000)]
  0x17961800 JavaThread "pi4j-gpio-event-executor-791" [_thread_blocked, id=4914, stack(0x0f600000,0x0f700000)]
  0x4fa93000 JavaThread "pi4j-gpio-event-executor-789" [_thread_blocked, id=4913, stack(0x0f700000,0x0f800000)]
  0x17960000 JavaThread "pi4j-gpio-event-executor-790" [_thread_blocked, id=4912, stack(0x0f800000,0x0f900000)]
  0x1795e800 JavaThread "pi4j-gpio-event-executor-788" [_thread_blocked, id=4911, stack(0x0f900000,0x0fa00000)]
  0x4fa91400 JavaThread "pi4j-gpio-event-executor-787" [_thread_blocked, id=4910, stack(0x0fa00000,0x0fb00000)]
  0x1795e000 JavaThread "pi4j-gpio-event-executor-786" [_thread_blocked, id=4909, stack(0x0fb00000,0x0fc00000)]
  0x4fa8f000 JavaThread "pi4j-gpio-event-executor-785" [_thread_blocked, id=4908, stack(0x0fc00000,0x0fd00000)]
  0x4fa8d800 JavaThread "pi4j-gpio-event-executor-784" [_thread_blocked, id=4907, stack(0x0fd00000,0x0fe00000)]
  0x1795c400 JavaThread "pi4j-gpio-event-executor-783" [_thread_blocked, id=4906, stack(0x0fe00000,0x0ff00000)]
  0x4fa8c000 JavaThread "pi4j-gpio-event-executor-782" [_thread_blocked, id=4905, stack(0x0ff00000,0x10000000)]
  0x1795ac00 JavaThread "pi4j-gpio-event-executor-781" [_thread_blocked, id=4904, stack(0x10000000,0x10100000)]
  0x17959400 JavaThread "pi4j-gpio-event-executor-780" [_thread_blocked, id=4903, stack(0x10100000,0x10200000)]
  0x4fa8a800 JavaThread "pi4j-gpio-event-executor-779" [_thread_blocked, id=4902, stack(0x10200000,0x10300000)]
  0x17957c00 JavaThread "pi4j-gpio-event-executor-778" [_thread_blocked, id=4901, stack(0x10300000,0x10400000)]
  0x4fa89000 JavaThread "pi4j-gpio-event-executor-777" [_thread_blocked, id=4900, stack(0x10400000,0x10500000)]
  0x17956400 JavaThread "pi4j-gpio-event-executor-776" [_thread_blocked, id=4899, stack(0x10500000,0x10600000)]
  0x17954c00 JavaThread "pi4j-gpio-event-executor-774" [_thread_blocked, id=4898, stack(0x10600000,0x10700000)]
  0x4fa87800 JavaThread "pi4j-gpio-event-executor-775" [_thread_blocked, id=4897, stack(0x10700000,0x10800000)]
  0x17954000 JavaThread "pi4j-gpio-event-executor-773" [_thread_blocked, id=4896, stack(0x10800000,0x10900000)]
  0x4fa86000 JavaThread "pi4j-gpio-event-executor-772" [_thread_blocked, id=4895, stack(0x10900000,0x10a00000)]
  0x17952800 JavaThread "pi4j-gpio-event-executor-771" [_thread_blocked, id=4894, stack(0x10a00000,0x10b00000)]
  0x4fa83c00 JavaThread "pi4j-gpio-event-executor-770" [_thread_blocked, id=4893, stack(0x10b00000,0x10c00000)]
  0x17951c00 JavaThread "pi4j-gpio-event-executor-769" [_thread_blocked, id=4892, stack(0x10c00000,0x10d00000)]
  0x4fa81800 JavaThread "pi4j-gpio-event-executor-768" [_thread_blocked, id=4891, stack(0x10d00000,0x10e00000)]
  0x17950400 JavaThread "pi4j-gpio-event-executor-767" [_thread_blocked, id=4890, stack(0x10e00000,0x10f00000)]
  0x1794ec00 JavaThread "pi4j-gpio-event-executor-766" [_thread_blocked, id=4889, stack(0x10f00000,0x11000000)]
  0x4fa80000 JavaThread "pi4j-gpio-event-executor-765" [_thread_blocked, id=4888, stack(0x11000000,0x11100000)]
  0x1794d400 JavaThread "pi4j-gpio-event-executor-764" [_thread_blocked, id=4887, stack(0x11100000,0x11200000)]
  0x4fa7e800 JavaThread "pi4j-gpio-event-executor-763" [_thread_blocked, id=4886, stack(0x11200000,0x11300000)]
  0x1794bc00 JavaThread "pi4j-gpio-event-executor-762" [_thread_blocked, id=4885, stack(0x11300000,0x11400000)]
  0x4fa7dc00 JavaThread "pi4j-gpio-event-executor-761" [_thread_blocked, id=4884, stack(0x11400000,0x11500000)]
  0x17949800 JavaThread "pi4j-gpio-event-executor-760" [_thread_blocked, id=4883, stack(0x11500000,0x11600000)]
  0x4fa7c400 JavaThread "pi4j-gpio-event-executor-759" [_thread_blocked, id=4882, stack(0x11600000,0x11700000)]
  0x17948c00 JavaThread "pi4j-gpio-event-executor-758" [_thread_blocked, id=4881, stack(0x11700000,0x11800000)]
  0x4fa7a400 JavaThread "pi4j-gpio-event-executor-757" [_thread_blocked, id=4880, stack(0x11800000,0x11900000)]
  0x17947400 JavaThread "pi4j-gpio-event-executor-756" [_thread_blocked, id=4879, stack(0x11900000,0x11a00000)]
  0x4fa79000 JavaThread "pi4j-gpio-event-executor-755" [_thread_blocked, id=4878, stack(0x11a00000,0x11b00000)]
  0x17945000 JavaThread "pi4j-gpio-event-executor-754" [_thread_blocked, id=4877, stack(0x11b00000,0x11c00000)]
  0x4fa77800 JavaThread "pi4j-gpio-event-executor-753" [_thread_blocked, id=4876, stack(0x11c00000,0x11d00000)]
  0x17943800 JavaThread "pi4j-gpio-event-executor-752" [_thread_blocked, id=4875, stack(0x11d00000,0x11e00000)]
  0x4fa76400 JavaThread "pi4j-gpio-event-executor-751" [_thread_blocked, id=4874, stack(0x11e00000,0x11f00000)]
  0x17942000 JavaThread "pi4j-gpio-event-executor-750" [_thread_blocked, id=4873, stack(0x11f00000,0x12000000)]
  0x4fa75800 JavaThread "pi4j-gpio-event-executor-749" [_thread_blocked, id=4872, stack(0x12000000,0x12100000)]
  0x1793fc00 JavaThread "pi4j-gpio-event-executor-748" [_thread_blocked, id=4871, stack(0x12100000,0x12200000)]
  0x4fa74000 JavaThread "pi4j-gpio-event-executor-747" [_thread_blocked, id=4870, stack(0x12200000,0x12300000)]
  0x1793e400 JavaThread "pi4j-gpio-event-executor-746" [_thread_blocked, id=4869, stack(0x12300000,0x12400000)]
  0x4fa72800 JavaThread "pi4j-gpio-event-executor-745" [_thread_blocked, id=4868, stack(0x12400000,0x12500000)]
  0x1793cc00 JavaThread "pi4j-gpio-event-executor-743" [_thread_blocked, id=4867, stack(0x12500000,0x12600000)]
  0x4fa70c00 JavaThread "pi4j-gpio-event-executor-744" [_thread_blocked, id=4866, stack(0x12600000,0x12700000)]
  0x4fa6f400 JavaThread "pi4j-gpio-event-executor-741" [_thread_blocked, id=4865, stack(0x12700000,0x12800000)]
  0x1793b000 JavaThread "pi4j-gpio-event-executor-742" [_thread_blocked, id=4864, stack(0x12800000,0x12900000)]
  0x17939800 JavaThread "pi4j-gpio-event-executor-740" [_thread_blocked, id=4863, stack(0x12900000,0x12a00000)]
  0x4fa6ec00 JavaThread "pi4j-gpio-event-executor-739" [_thread_blocked, id=4862, stack(0x12a00000,0x12b00000)]
  0x17937400 JavaThread "pi4j-gpio-event-executor-738" [_thread_blocked, id=4861, stack(0x12b00000,0x12c00000)]
  0x4fa6d400 JavaThread "pi4j-gpio-event-executor-737" [_thread_blocked, id=4860, stack(0x12c00000,0x12d00000)]
  0x17935c00 JavaThread "pi4j-gpio-event-executor-736" [_thread_blocked, id=4859, stack(0x12d00000,0x12e00000)]
  0x529fb400 JavaThread "pi4j-gpio-event-executor-735" [_thread_blocked, id=4858, stack(0x12e00000,0x12f00000)]
  0x529fa000 JavaThread "pi4j-gpio-event-executor-733" [_thread_blocked, id=4857, stack(0x12f00000,0x13000000)]
  0x17934400 JavaThread "pi4j-gpio-event-executor-734" [_thread_blocked, id=4856, stack(0x13000000,0x13100000)]
  0x529f8800 JavaThread "pi4j-gpio-event-executor-732" [_thread_blocked, id=4855, stack(0x13100000,0x13200000)]
  0x17932c00 JavaThread "pi4j-gpio-event-executor-731" [_thread_blocked, id=4854, stack(0x13200000,0x13300000)]
  0x17931400 JavaThread "pi4j-gpio-event-executor-730" [_thread_blocked, id=4853, stack(0x13300000,0x13400000)]
  0x529f6c00 JavaThread "pi4j-gpio-event-executor-729" [_thread_blocked, id=4852, stack(0x13400000,0x13500000)]
  0x1792fc00 JavaThread "pi4j-gpio-event-executor-728" [_thread_blocked, id=4851, stack(0x13500000,0x13600000)]
  0x529f4800 JavaThread "pi4j-gpio-event-executor-727" [_thread_blocked, id=4850, stack(0x13600000,0x13700000)]
  0x1792e400 JavaThread "pi4j-gpio-event-executor-726" [_thread_blocked, id=4849, stack(0x13700000,0x13800000)]
  0x529f3000 JavaThread "pi4j-gpio-event-executor-725" [_thread_blocked, id=4848, stack(0x13800000,0x13900000)]
  0x1792d800 JavaThread "pi4j-gpio-event-executor-724" [_thread_blocked, id=4847, stack(0x13900000,0x13a00000)]
  0x1792c000 JavaThread "pi4j-gpio-event-executor-722" [_thread_blocked, id=4846, stack(0x13a00000,0x13b00000)]
  0x529f1800 JavaThread "pi4j-gpio-event-executor-723" [_thread_blocked, id=4845, stack(0x13b00000,0x13c00000)]
  0x529f0000 JavaThread "pi4j-gpio-event-executor-721" [_thread_blocked, id=4844, stack(0x13c00000,0x13d00000)]
  0x1792a800 JavaThread "pi4j-gpio-event-executor-720" [_thread_blocked, id=4843, stack(0x13d00000,0x13e00000)]
  0x17929000 JavaThread "pi4j-gpio-event-executor-718" [_thread_blocked, id=4842, stack(0x13e00000,0x13f00000)]
  0x529ee800 JavaThread "pi4j-gpio-event-executor-719" [_thread_blocked, id=4841, stack(0x13f00000,0x14000000)]
  0x529ed000 JavaThread "pi4j-gpio-event-executor-717" [_thread_blocked, id=4840, stack(0x14000000,0x14100000)]
  0x17927c00 JavaThread "pi4j-gpio-event-executor-716" [_thread_blocked, id=4839, stack(0x14100000,0x14200000)]
  0x529eb800 JavaThread "pi4j-gpio-event-executor-714" [_thread_blocked, id=4838, stack(0x14200000,0x14300000)]
  0x17926400 JavaThread "pi4j-gpio-event-executor-715" [_thread_blocked, id=4837, stack(0x14300000,0x14400000)]
  0x17925800 JavaThread "pi4j-gpio-event-executor-713" [_thread_blocked, id=4836, stack(0x14400000,0x14500000)]
  0x17924000 JavaThread "pi4j-gpio-event-executor-712" [_thread_blocked, id=4835, stack(0x14500000,0x14600000)]
  0x529e9400 JavaThread "pi4j-gpio-event-executor-711" [_thread_blocked, id=4834, stack(0x14600000,0x14700000)]
  0x17922800 JavaThread "pi4j-gpio-event-executor-710" [_thread_blocked, id=4833, stack(0x14700000,0x14800000)]
  0x529e7c00 JavaThread "pi4j-gpio-event-executor-709" [_thread_blocked, id=4832, stack(0x14800000,0x14900000)]
  0x17921400 JavaThread "pi4j-gpio-event-executor-708" [_thread_blocked, id=4831, stack(0x14900000,0x14a00000)]
  0x529e7000 JavaThread "pi4j-gpio-event-executor-707" [_thread_blocked, id=4830, stack(0x14a00000,0x14b00000)]
  0x1791ec00 JavaThread "pi4j-gpio-event-executor-706" [_thread_blocked, id=4829, stack(0x14b00000,0x14c00000)]
  0x529e4c00 JavaThread "pi4j-gpio-event-executor-705" [_thread_blocked, id=4828, stack(0x14c00000,0x14d00000)]
  0x1791d400 JavaThread "pi4j-gpio-event-executor-704" [_thread_blocked, id=4827, stack(0x14d00000,0x14e00000)]
  0x529e3400 JavaThread "pi4j-gpio-event-executor-703" [_thread_blocked, id=4826, stack(0x14e00000,0x14f00000)]
  0x1791bc00 JavaThread "pi4j-gpio-event-executor-702" [_thread_blocked, id=4825, stack(0x14f00000,0x15000000)]
  0x529e2800 JavaThread "pi4j-gpio-event-executor-701" [_thread_blocked, id=4824, stack(0x15000000,0x15100000)]
  0x1791a400 JavaThread "pi4j-gpio-event-executor-700" [_thread_blocked, id=4823, stack(0x15100000,0x15200000)]
  0x529e0800 JavaThread "pi4j-gpio-event-executor-699" [_thread_blocked, id=4822, stack(0x15200000,0x15300000)]
  0x17918c00 JavaThread "pi4j-gpio-event-executor-698" [_thread_blocked, id=4821, stack(0x15300000,0x15400000)]
  0x529df800 JavaThread "pi4j-gpio-event-executor-697" [_thread_blocked, id=4820, stack(0x15400000,0x15500000)]
  0x17917400 JavaThread "pi4j-gpio-event-executor-696" [_thread_blocked, id=4819, stack(0x15500000,0x15600000)]
  0x529dd400 JavaThread "pi4j-gpio-event-executor-695" [_thread_blocked, id=4818, stack(0x15600000,0x15700000)]
  0x17915c00 JavaThread "pi4j-gpio-event-executor-694" [_thread_blocked, id=4817, stack(0x15700000,0x15800000)]
  0x529dbc00 JavaThread "pi4j-gpio-event-executor-693" [_thread_blocked, id=4816, stack(0x15800000,0x15900000)]
  0x17914400 JavaThread "pi4j-gpio-event-executor-692" [_thread_blocked, id=4815, stack(0x15900000,0x15a00000)]
  0x529da400 JavaThread "pi4j-gpio-event-executor-691" [_thread_blocked, id=4814, stack(0x15a00000,0x15b00000)]
  0x17912c00 JavaThread "pi4j-gpio-event-executor-690" [_thread_blocked, id=4813, stack(0x15b00000,0x15c00000)]
  0x529d8c00 JavaThread "pi4j-gpio-event-executor-689" [_thread_blocked, id=4812, stack(0x15c00000,0x15d00000)]
  0x17911400 JavaThread "pi4j-gpio-event-executor-688" [_thread_blocked, id=4811, stack(0x15d00000,0x15e00000)]
  0x529d7400 JavaThread "pi4j-gpio-event-executor-687" [_thread_blocked, id=4810, stack(0x15e00000,0x15f00000)]
  0x529d5c00 JavaThread "pi4j-gpio-event-executor-686" [_thread_blocked, id=4809, stack(0x15f00000,0x16000000)]
  0x529d4400 JavaThread "pi4j-gpio-event-executor-685" [_thread_blocked, id=4808, stack(0x16000000,0x16100000)]
  0x1790fc00 JavaThread "pi4j-gpio-event-executor-684" [_thread_blocked, id=4807, stack(0x16100000,0x16200000)]
  0x529d3800 JavaThread "pi4j-gpio-event-executor-683" [_thread_blocked, id=4806, stack(0x16200000,0x16300000)]
  0x1790e400 JavaThread "pi4j-gpio-event-executor-682" [_thread_blocked, id=4805, stack(0x16300000,0x16400000)]
  0x529d2000 JavaThread "pi4j-gpio-event-executor-681" [_thread_blocked, id=4804, stack(0x16400000,0x16500000)]
  0x1790d800 JavaThread "pi4j-gpio-event-executor-680" [_thread_blocked, id=4803, stack(0x16500000,0x16600000)]
  0x529cfc00 JavaThread "pi4j-gpio-event-executor-679" [_thread_blocked, id=4802, stack(0x16600000,0x16700000)]
  0x1790c000 JavaThread "pi4j-gpio-event-executor-678" [_thread_blocked, id=4801, stack(0x16700000,0x16800000)]
  0x529ce400 JavaThread "pi4j-gpio-event-executor-677" [_thread_blocked, id=4800, stack(0x16800000,0x16900000)]
  0x17909c00 JavaThread "pi4j-gpio-event-executor-676" [_thread_blocked, id=4799, stack(0x16900000,0x16a00000)]
  0x529ccc00 JavaThread "pi4j-gpio-event-executor-675" [_thread_blocked, id=4798, stack(0x16a00000,0x16b00000)]
  0x17908400 JavaThread "pi4j-gpio-event-executor-674" [_thread_blocked, id=4797, stack(0x16b00000,0x16c00000)]
  0x529cb400 JavaThread "pi4j-gpio-event-executor-673" [_thread_blocked, id=4796, stack(0x16c00000,0x16d00000)]
  0x17907c00 JavaThread "pi4j-gpio-event-executor-672" [_thread_blocked, id=4795, stack(0x16d00000,0x16e00000)]
  0x529c9c00 JavaThread "pi4j-gpio-event-executor-671" [_thread_blocked, id=4794, stack(0x16e00000,0x16f00000)]
  0x17906000 JavaThread "pi4j-gpio-event-executor-670" [_thread_blocked, id=4793, stack(0x16f00000,0x17000000)]
  0x529c8400 JavaThread "pi4j-gpio-event-executor-669" [_thread_blocked, id=4792, stack(0x17000000,0x17100000)]
  0x529c6c00 JavaThread "pi4j-gpio-event-executor-667" [_thread_blocked, id=4791, stack(0x17100000,0x17200000)]
  0x17904800 JavaThread "pi4j-gpio-event-executor-668" [_thread_blocked, id=4790, stack(0x17200000,0x17300000)]
  0x529c5400 JavaThread "pi4j-gpio-event-executor-665" [_thread_blocked, id=4789, stack(0x17300000,0x17400000)]
  0x17903000 JavaThread "pi4j-gpio-event-executor-666" [_thread_blocked, id=4788, stack(0x17400000,0x17500000)]
  0x529c3c00 JavaThread "pi4j-gpio-event-executor-663" [_thread_blocked, id=4787, stack(0x17500000,0x17600000)]
  0x17901800 JavaThread "pi4j-gpio-event-executor-664" [_thread_blocked, id=4786, stack(0x17600000,0x17700000)]
  0x529c2400 JavaThread "pi4j-gpio-event-executor-662" [_thread_blocked, id=4785, stack(0x17700000,0x17800000)]
  0x17900400 JavaThread "pi4j-gpio-event-executor-661" [_thread_blocked, id=4784, stack(0x17800000,0x17900000)]
  0x2d1fe400 JavaThread "pi4j-gpio-event-executor-659" [_thread_blocked, id=4783, stack(0x17a00000,0x17b00000)]
  0x529c0c00 JavaThread "pi4j-gpio-event-executor-660" [_thread_blocked, id=4782, stack(0x17b00000,0x17c00000)]
  0x529c0000 JavaThread "pi4j-gpio-event-executor-658" [_thread_blocked, id=4781, stack(0x17c00000,0x17d00000)]
  0x2d1fc000 JavaThread "pi4j-gpio-event-executor-657" [_thread_blocked, id=4780, stack(0x17d00000,0x17e00000)]
  0x529be800 JavaThread "pi4j-gpio-event-executor-656" [_thread_blocked, id=4779, stack(0x17e00000,0x17f00000)]
  0x529bd000 JavaThread "pi4j-gpio-event-executor-655" [_thread_blocked, id=4778, stack(0x17f00000,0x18000000)]
  0x2d1fa800 JavaThread "pi4j-gpio-event-executor-654" [_thread_blocked, id=4777, stack(0x18000000,0x18100000)]
  0x529bb800 JavaThread "pi4j-gpio-event-executor-652" [_thread_blocked, id=4776, stack(0x18100000,0x18200000)]
  0x2d1f9000 JavaThread "pi4j-gpio-event-executor-653" [_thread_blocked, id=4775, stack(0x18200000,0x18300000)]
  0x529ba000 JavaThread "pi4j-gpio-event-executor-651" [_thread_blocked, id=4774, stack(0x18300000,0x18400000)]
  0x2d1f7c00 JavaThread "pi4j-gpio-event-executor-650" [_thread_blocked, id=4773, stack(0x18400000,0x18500000)]
  0x529b8400 JavaThread "pi4j-gpio-event-executor-649" [_thread_blocked, id=4772, stack(0x18500000,0x18600000)]
  0x2d1f6400 JavaThread "pi4j-gpio-event-executor-648" [_thread_blocked, id=4771, stack(0x18600000,0x18700000)]
  0x529b7000 JavaThread "pi4j-gpio-event-executor-647" [_thread_blocked, id=4770, stack(0x18700000,0x18800000)]
  0x2d1f4c00 JavaThread "pi4j-gpio-event-executor-646" [_thread_blocked, id=4769, stack(0x18800000,0x18900000)]
  0x529b5800 JavaThread "pi4j-gpio-event-executor-644" [_thread_blocked, id=4768, stack(0x18900000,0x18a00000)]
  0x2d1f3400 JavaThread "pi4j-gpio-event-executor-645" [_thread_blocked, id=4767, stack(0x18a00000,0x18b00000)]
  0x2d1f1c00 JavaThread "pi4j-gpio-event-executor-642" [_thread_blocked, id=4766, stack(0x18b00000,0x18c00000)]
  0x529b4000 JavaThread "pi4j-gpio-event-executor-643" [_thread_blocked, id=4765, stack(0x18c00000,0x18d00000)]
  0x2d1f1000 JavaThread "pi4j-gpio-event-executor-641" [_thread_blocked, id=4764, stack(0x18d00000,0x18e00000)]
  0x529b1800 JavaThread "pi4j-gpio-event-executor-639" [_thread_blocked, id=4763, stack(0x18e00000,0x18f00000)]
  0x2d1ef800 JavaThread "pi4j-gpio-event-executor-640" [_thread_blocked, id=4762, stack(0x18f00000,0x19000000)]
  0x529b0000 JavaThread "pi4j-gpio-event-executor-638" [_thread_blocked, id=4761, stack(0x19000000,0x19100000)]
  0x2d1ee000 JavaThread "pi4j-gpio-event-executor-637" [_thread_blocked, id=4760, stack(0x19100000,0x19200000)]
  0x529ae800 JavaThread "pi4j-gpio-event-executor-635" [_thread_blocked, id=4759, stack(0x19200000,0x19300000)]
  0x2d1ec800 JavaThread "pi4j-gpio-event-executor-636" [_thread_blocked, id=4758, stack(0x19300000,0x19400000)]
  0x2d1ebc00 JavaThread "pi4j-gpio-event-executor-634" [_thread_blocked, id=4757, stack(0x19400000,0x19500000)]
  0x529ac400 JavaThread "pi4j-gpio-event-executor-633" [_thread_blocked, id=4756, stack(0x19500000,0x19600000)]
  0x2d1ea400 JavaThread "pi4j-gpio-event-executor-632" [_thread_blocked, id=4755, stack(0x19600000,0x19700000)]
  0x529aac00 JavaThread "pi4j-gpio-event-executor-631" [_thread_blocked, id=4754, stack(0x19700000,0x19800000)]
  0x2d1e9800 JavaThread "pi4j-gpio-event-executor-630" [_thread_blocked, id=4753, stack(0x19800000,0x19900000)]
  0x529a8800 JavaThread "pi4j-gpio-event-executor-629" [_thread_blocked, id=4752, stack(0x19900000,0x19a00000)]
  0x2d1e8000 JavaThread "pi4j-gpio-event-executor-628" [_thread_blocked, id=4751, stack(0x19a00000,0x19b00000)]
  0x529a7000 JavaThread "pi4j-gpio-event-executor-627" [_thread_blocked, id=4750, stack(0x19b00000,0x19c00000)]
  0x2d1e6800 JavaThread "pi4j-gpio-event-executor-626" [_thread_blocked, id=4749, stack(0x19c00000,0x19d00000)]
  0x2d1e5c00 JavaThread "pi4j-gpio-event-executor-625" [_thread_blocked, id=4748, stack(0x19d00000,0x19e00000)]
  0x529a4c00 JavaThread "pi4j-gpio-event-executor-624" [_thread_blocked, id=4747, stack(0x19e00000,0x19f00000)]
  0x2d1e4400 JavaThread "pi4j-gpio-event-executor-623" [_thread_blocked, id=4746, stack(0x19f00000,0x1a000000)]
  0x2d1e2c00 JavaThread "pi4j-gpio-event-executor-621" [_thread_blocked, id=4745, stack(0x1a000000,0x1a100000)]
  0x529a3400 JavaThread "pi4j-gpio-event-executor-622" [_thread_blocked, id=4744, stack(0x1a100000,0x1a200000)]
  0x529a1c00 JavaThread "pi4j-gpio-event-executor-620" [_thread_blocked, id=4743, stack(0x1a200000,0x1a300000)]
  0x2d1e1800 JavaThread "pi4j-gpio-event-executor-619" [_thread_blocked, id=4742, stack(0x1a300000,0x1a400000)]
  0x529a0400 JavaThread "pi4j-gpio-event-executor-618" [_thread_blocked, id=4741, stack(0x1a400000,0x1a500000)]
  0x2d1e0000 JavaThread "pi4j-gpio-event-executor-617" [_thread_blocked, id=4740, stack(0x1a500000,0x1a600000)]
  0x2d1de800 JavaThread "pi4j-gpio-event-executor-615" [_thread_blocked, id=4739, stack(0x1a600000,0x1a700000)]
  0x5299ec00 JavaThread "pi4j-gpio-event-executor-616" [_thread_blocked, id=4738, stack(0x1a700000,0x1a800000)]
  0x5299e000 JavaThread "pi4j-gpio-event-executor-614" [_thread_blocked, id=4737, stack(0x1a800000,0x1a900000)]
  0x2d1dc000 JavaThread "pi4j-gpio-event-executor-612" [_thread_blocked, id=4736, stack(0x1a900000,0x1aa00000)]
  0x4fc37c00 JavaThread "pi4j-gpio-event-executor-613" [_thread_blocked, id=4735, stack(0x1aa00000,0x1ab00000)]
  0x4fc36400 JavaThread "pi4j-gpio-event-executor-610" [_thread_blocked, id=4734, stack(0x1ab00000,0x1ac00000)]
  0x2d1da800 JavaThread "pi4j-gpio-event-executor-611" [_thread_blocked, id=4733, stack(0x1ac00000,0x1ad00000)]
  0x4fc34800 JavaThread "pi4j-gpio-event-executor-609" [_thread_blocked, id=4732, stack(0x1ad00000,0x1ae00000)]
  0x2d1d9400 JavaThread "pi4j-gpio-event-executor-608" [_thread_blocked, id=4731, stack(0x1ae00000,0x1af00000)]
  0x4fc33000 JavaThread "pi4j-gpio-event-executor-607" [_thread_blocked, id=4730, stack(0x1af00000,0x1b000000)]
  0x2d1d7800 JavaThread "pi4j-gpio-event-executor-606" [_thread_blocked, id=4729, stack(0x1b000000,0x1b100000)]
  0x2d1d6000 JavaThread "pi4j-gpio-event-executor-605" [_thread_blocked, id=4728, stack(0x1b100000,0x1b200000)]
  0x4fc31800 JavaThread "pi4j-gpio-event-executor-604" [_thread_blocked, id=4727, stack(0x1b200000,0x1b300000)]
  0x2d1d5400 JavaThread "pi4j-gpio-event-executor-603" [_thread_blocked, id=4726, stack(0x1b300000,0x1b400000)]
  0x4fc2f400 JavaThread "pi4j-gpio-event-executor-602" [_thread_blocked, id=4725, stack(0x1b400000,0x1b500000)]
  0x2d1d3c00 JavaThread "pi4j-gpio-event-executor-601" [_thread_blocked, id=4724, stack(0x1b500000,0x1b600000)]
  0x4fc2dc00 JavaThread "pi4j-gpio-event-executor-600" [_thread_blocked, id=4723, stack(0x1b600000,0x1b700000)]
  0x2d1d2800 JavaThread "pi4j-gpio-event-executor-599" [_thread_blocked, id=4722, stack(0x1b700000,0x1b800000)]
  0x4fc2d000 JavaThread "pi4j-gpio-event-executor-598" [_thread_blocked, id=4721, stack(0x1b800000,0x1b900000)]
  0x4fc2b800 JavaThread "pi4j-gpio-event-executor-596" [_thread_blocked, id=4720, stack(0x1b900000,0x1ba00000)]
  0x2d1d0000 JavaThread "pi4j-gpio-event-executor-597" [_thread_blocked, id=4719, stack(0x1ba00000,0x1bb00000)]
  0x2d1cf800 JavaThread "pi4j-gpio-event-executor-595" [_thread_blocked, id=4718, stack(0x1bb00000,0x1bc00000)]
  0x2d1ce000 JavaThread "pi4j-gpio-event-executor-593" [_thread_blocked, id=4717, stack(0x1bc00000,0x1bd00000)]
  0x4fc29400 JavaThread "pi4j-gpio-event-executor-594" [_thread_blocked, id=4716, stack(0x1bd00000,0x1be00000)]
  0x4fc27c00 JavaThread "pi4j-gpio-event-executor-592" [_thread_blocked, id=4715, stack(0x1be00000,0x1bf00000)]
  0x2d1cc400 JavaThread "pi4j-gpio-event-executor-591" [_thread_blocked, id=4714, stack(0x1bf00000,0x1c000000)]
  0x4fc26400 JavaThread "pi4j-gpio-event-executor-590" [_thread_blocked, id=4713, stack(0x1c000000,0x1c100000)]
  0x2d1cac00 JavaThread "pi4j-gpio-event-executor-589" [_thread_blocked, id=4712, stack(0x1c100000,0x1c200000)]
  0x4fc24c00 JavaThread "pi4j-gpio-event-executor-588" [_thread_blocked, id=4711, stack(0x1c200000,0x1c300000)]
  0x2d1c9400 JavaThread "pi4j-gpio-event-executor-587" [_thread_blocked, id=4710, stack(0x1c300000,0x1c400000)]
  0x4fc24000 JavaThread "pi4j-gpio-event-executor-586" [_thread_blocked, id=4709, stack(0x1c400000,0x1c500000)]
  0x4fc22800 JavaThread "pi4j-gpio-event-executor-585" [_thread_blocked, id=4708, stack(0x1c500000,0x1c600000)]
  0x2d1c7000 JavaThread "pi4j-gpio-event-executor-584" [_thread_blocked, id=4707, stack(0x1c600000,0x1c700000)]
  0x4fc21000 JavaThread "pi4j-gpio-event-executor-583" [_thread_blocked, id=4706, stack(0x1c700000,0x1c800000)]
  0x2d1c5800 JavaThread "pi4j-gpio-event-executor-582" [_thread_blocked, id=4705, stack(0x1c800000,0x1c900000)]
  0x2d1c5000 JavaThread "pi4j-gpio-event-executor-581" [_thread_blocked, id=4704, stack(0x1c900000,0x1ca00000)]
  0x4fc1f800 JavaThread "pi4j-gpio-event-executor-580" [_thread_blocked, id=4703, stack(0x1ca00000,0x1cb00000)]
  0x4fc1e000 JavaThread "pi4j-gpio-event-executor-579" [_thread_blocked, id=4702, stack(0x1cb00000,0x1cc00000)]
  0x2d1c2800 JavaThread "pi4j-gpio-event-executor-578" [_thread_blocked, id=4701, stack(0x1cc00000,0x1cd00000)]
  0x4fc1c800 JavaThread "pi4j-gpio-event-executor-577" [_thread_blocked, id=4700, stack(0x1cd00000,0x1ce00000)]
  0x2d1c1400 JavaThread "pi4j-gpio-event-executor-576" [_thread_blocked, id=4699, stack(0x1ce00000,0x1cf00000)]
  0x2d1c0800 JavaThread "pi4j-gpio-event-executor-575" [_thread_blocked, id=4698, stack(0x1cf00000,0x1d000000)]
  0x2d1bec00 JavaThread "pi4j-gpio-event-executor-574" [_thread_blocked, id=4697, stack(0x1d000000,0x1d100000)]
  0x4fc1a400 JavaThread "pi4j-gpio-event-executor-573" [_thread_blocked, id=4696, stack(0x1d100000,0x1d200000)]
  0x2d1be400 JavaThread "pi4j-gpio-event-executor-572" [_thread_blocked, id=4695, stack(0x1d200000,0x1d300000)]
  0x4fc18000 JavaThread "pi4j-gpio-event-executor-571" [_thread_blocked, id=4694, stack(0x1d300000,0x1d400000)]
  0x2d1bcc00 JavaThread "pi4j-gpio-event-executor-570" [_thread_blocked, id=4693, stack(0x1d400000,0x1d500000)]
  0x2d1bc000 JavaThread "pi4j-gpio-event-executor-569" [_thread_blocked, id=4692, stack(0x1d500000,0x1d600000)]
  0x4fc15800 JavaThread "pi4j-gpio-event-executor-568" [_thread_blocked, id=4691, stack(0x1d600000,0x1d700000)]
  0x4fc14400 JavaThread "pi4j-gpio-event-executor-567" [_thread_blocked, id=4690, stack(0x1d700000,0x1d800000)]
  0x2d1ba800 JavaThread "pi4j-gpio-event-executor-566" [_thread_blocked, id=4689, stack(0x1d800000,0x1d900000)]
  0x4fc12800 JavaThread "pi4j-gpio-event-executor-565" [_thread_blocked, id=4688, stack(0x1d900000,0x1da00000)]
  0x2d1b9000 JavaThread "pi4j-gpio-event-executor-564" [_thread_blocked, id=4687, stack(0x1da00000,0x1db00000)]
  0x2d1b8400 JavaThread "pi4j-gpio-event-executor-563" [_thread_blocked, id=4686, stack(0x1db00000,0x1dc00000)]
  0x4fc10400 JavaThread "pi4j-gpio-event-executor-562" [_thread_blocked, id=4685, stack(0x1dc00000,0x1dd00000)]
  0x2d1b6c00 JavaThread "pi4j-gpio-event-executor-560" [_thread_blocked, id=4684, stack(0x1dd00000,0x1de00000)]
  0x4fc0ec00 JavaThread "pi4j-gpio-event-executor-561" [_thread_blocked, id=4683, stack(0x1de00000,0x1df00000)]
  0x4fc0d400 JavaThread "pi4j-gpio-event-executor-559" [_thread_blocked, id=4682, stack(0x1df00000,0x1e000000)]
  0x2d1b5400 JavaThread "pi4j-gpio-event-executor-558" [_thread_blocked, id=4681, stack(0x1e000000,0x1e100000)]
  0x2d1b4800 JavaThread "pi4j-gpio-event-executor-557" [_thread_blocked, id=4680, stack(0x1e100000,0x1e200000)]
  0x4fc0b000 JavaThread "pi4j-gpio-event-executor-556" [_thread_blocked, id=4679, stack(0x1e200000,0x1e300000)]
  0x2d1b3000 JavaThread "pi4j-gpio-event-executor-555" [_thread_blocked, id=4678, stack(0x1e300000,0x1e400000)]
  0x4fc0a400 JavaThread "pi4j-gpio-event-executor-554" [_thread_blocked, id=4677, stack(0x1e400000,0x1e500000)]
  0x2d1b0c00 JavaThread "pi4j-gpio-event-executor-552" [_thread_blocked, id=4676, stack(0x1e500000,0x1e600000)]
  0x4fc08c00 JavaThread "pi4j-gpio-event-executor-553" [_thread_blocked, id=4675, stack(0x1e600000,0x1e700000)]
  0x4fc07400 JavaThread "pi4j-gpio-event-executor-550" [_thread_blocked, id=4674, stack(0x1e700000,0x1e800000)]
  0x2d1af400 JavaThread "pi4j-gpio-event-executor-551" [_thread_blocked, id=4673, stack(0x1e800000,0x1e900000)]
  0x2d1aec00 JavaThread "pi4j-gpio-event-executor-549" [_thread_blocked, id=4672, stack(0x1e900000,0x1ea00000)]
  0x4fc05000 JavaThread "pi4j-gpio-event-executor-547" [_thread_blocked, id=4671, stack(0x1ea00000,0x1eb00000)]
  0x2d1ad400 JavaThread "pi4j-gpio-event-executor-548" [_thread_blocked, id=4670, stack(0x1eb00000,0x1ec00000)]
  0x2d1ac800 JavaThread "pi4j-gpio-event-executor-546" [_thread_blocked, id=4669, stack(0x1ec00000,0x1ed00000)]
  0x4fc02c00 JavaThread "pi4j-gpio-event-executor-545" [_thread_blocked, id=4668, stack(0x1ed00000,0x1ee00000)]
  0x2d1abc00 JavaThread "pi4j-gpio-event-executor-544" [_thread_blocked, id=4667, stack(0x1ee00000,0x1ef00000)]
  0x4fc00400 JavaThread "pi4j-gpio-event-executor-542" [_thread_blocked, id=4666, stack(0x1ef00000,0x1f000000)]
  0x2d1aa400 JavaThread "pi4j-gpio-event-executor-543" [_thread_blocked, id=4665, stack(0x1f000000,0x1f100000)]
  0x4fcf9400 JavaThread "pi4j-gpio-event-executor-541" [_thread_blocked, id=4664, stack(0x1f100000,0x1f200000)]
  0x2d1a8c00 JavaThread "pi4j-gpio-event-executor-540" [_thread_blocked, id=4663, stack(0x1f200000,0x1f300000)]
  0x2d1a8400 JavaThread "pi4j-gpio-event-executor-539" [_thread_blocked, id=4662, stack(0x1f300000,0x1f400000)]
  0x4fcf7000 JavaThread "pi4j-gpio-event-executor-538" [_thread_blocked, id=4661, stack(0x1f400000,0x1f500000)]
  0x4fcf5400 JavaThread "pi4j-gpio-event-executor-537" [_thread_blocked, id=4660, stack(0x1f500000,0x1f600000)]
  0x2d1a6c00 JavaThread "pi4j-gpio-event-executor-536" [_thread_blocked, id=4659, stack(0x1f600000,0x1f700000)]
  0x4fcf3c00 JavaThread "pi4j-gpio-event-executor-535" [_thread_blocked, id=4658, stack(0x1f700000,0x1f800000)]
  0x2d1a5400 JavaThread "pi4j-gpio-event-executor-534" [_thread_blocked, id=4657, stack(0x1f800000,0x1f900000)]
  0x2d1a3c00 JavaThread "pi4j-gpio-event-executor-533" [_thread_blocked, id=4656, stack(0x1f900000,0x1fa00000)]
  0x4fcf2800 JavaThread "pi4j-gpio-event-executor-532" [_thread_blocked, id=4655, stack(0x1fa00000,0x1fb00000)]
  0x2d1a2c00 JavaThread "pi4j-gpio-event-executor-531" [_thread_blocked, id=4654, stack(0x1fb00000,0x1fc00000)]
  0x2d1a1400 JavaThread "pi4j-gpio-event-executor-530" [_thread_blocked, id=4653, stack(0x1fc00000,0x1fd00000)]
  0x4fcf0400 JavaThread "pi4j-gpio-event-executor-529" [_thread_blocked, id=4652, stack(0x1fd00000,0x1fe00000)]
  0x2d19fc00 JavaThread "pi4j-gpio-event-executor-528" [_thread_blocked, id=4651, stack(0x1fe00000,0x1ff00000)]
  0x4fceec00 JavaThread "pi4j-gpio-event-executor-527" [_thread_blocked, id=4650, stack(0x1ff00000,0x20000000)]
  0x4fced400 JavaThread "pi4j-gpio-event-executor-525" [_thread_blocked, id=4649, stack(0x20000000,0x20100000)]
  0x2d19e800 JavaThread "pi4j-gpio-event-executor-526" [_thread_blocked, id=4648, stack(0x20100000,0x20200000)]
  0x4fcebc00 JavaThread "pi4j-gpio-event-executor-523" [_thread_blocked, id=4647, stack(0x20200000,0x20300000)]
  0x2d19d000 JavaThread "pi4j-gpio-event-executor-524" [_thread_blocked, id=4646, stack(0x20300000,0x20400000)]
  0x4fceb000 JavaThread "pi4j-gpio-event-executor-522" [_thread_blocked, id=4645, stack(0x20400000,0x20500000)]
  0x2d19ac00 JavaThread "pi4j-gpio-event-executor-521" [_thread_blocked, id=4644, stack(0x20500000,0x20600000)]
  0x2d199800 JavaThread "pi4j-gpio-event-executor-520" [_thread_blocked, id=4643, stack(0x20600000,0x20700000)]
  0x4fce9800 JavaThread "pi4j-gpio-event-executor-519" [_thread_blocked, id=4642, stack(0x20700000,0x20800000)]
  0x2d197c00 JavaThread "pi4j-gpio-event-executor-518" [_thread_blocked, id=4641, stack(0x20800000,0x20900000)]
  0x4fce8c00 JavaThread "pi4j-gpio-event-executor-517" [_thread_blocked, id=4640, stack(0x20900000,0x20a00000)]
  0x2d195800 JavaThread "pi4j-gpio-event-executor-516" [_thread_blocked, id=4639, stack(0x20a00000,0x20b00000)]
  0x4fce7400 JavaThread "pi4j-gpio-event-executor-515" [_thread_blocked, id=4638, stack(0x20b00000,0x20c00000)]
  0x2d194000 JavaThread "pi4j-gpio-event-executor-514" [_thread_blocked, id=4637, stack(0x20c00000,0x20d00000)]
  0x2d193800 JavaThread "pi4j-gpio-event-executor-513" [_thread_blocked, id=4636, stack(0x20d00000,0x20e00000)]
  0x4fce5000 JavaThread "pi4j-gpio-event-executor-512" [_thread_blocked, id=4635, stack(0x20e00000,0x20f00000)]
  0x2d192000 JavaThread "pi4j-gpio-event-executor-511" [_thread_blocked, id=4634, stack(0x20f00000,0x21000000)]
  0x4fce4400 JavaThread "pi4j-gpio-event-executor-510" [_thread_blocked, id=4633, stack(0x21000000,0x21100000)]
  0x2d18f800 JavaThread "pi4j-gpio-event-executor-508" [_thread_blocked, id=4632, stack(0x21100000,0x21200000)]
  0x4fce2c00 JavaThread "pi4j-gpio-event-executor-509" [_thread_blocked, id=4631, stack(0x21200000,0x21300000)]
  0x4fce1400 JavaThread "pi4j-gpio-event-executor-507" [_thread_blocked, id=4630, stack(0x21300000,0x21400000)]
  0x2d18e000 JavaThread "pi4j-gpio-event-executor-506" [_thread_blocked, id=4629, stack(0x21400000,0x21500000)]
  0x4fcdfc00 JavaThread "pi4j-gpio-event-executor-505" [_thread_blocked, id=4628, stack(0x21500000,0x21600000)]
  0x2d18c800 JavaThread "pi4j-gpio-event-executor-504" [_thread_blocked, id=4627, stack(0x21600000,0x21700000)]
  0x2d18bc00 JavaThread "pi4j-gpio-event-executor-503" [_thread_blocked, id=4626, stack(0x21700000,0x21800000)]
  0x4fcdd400 JavaThread "pi4j-gpio-event-executor-502" [_thread_blocked, id=4625, stack(0x21800000,0x21900000)]
  0x4fcdc000 JavaThread "pi4j-gpio-event-executor-501" [_thread_blocked, id=4624, stack(0x21900000,0x21a00000)]
  0x2d18a400 JavaThread "pi4j-gpio-event-executor-500" [_thread_blocked, id=4623, stack(0x21a00000,0x21b00000)]
  0x4fcda800 JavaThread "pi4j-gpio-event-executor-499" [_thread_blocked, id=4622, stack(0x21b00000,0x21c00000)]
  0x2d189000 JavaThread "pi4j-gpio-event-executor-498" [_thread_blocked, id=4621, stack(0x21c00000,0x21d00000)]
  0x4fcd9000 JavaThread "pi4j-gpio-event-executor-497" [_thread_blocked, id=4620, stack(0x21d00000,0x21e00000)]
  0x2d187800 JavaThread "pi4j-gpio-event-executor-496" [_thread_blocked, id=4619, stack(0x21e00000,0x21f00000)]
  0x4fcd7800 JavaThread "pi4j-gpio-event-executor-495" [_thread_blocked, id=4618, stack(0x21f00000,0x22000000)]
  0x2d185c00 JavaThread "pi4j-gpio-event-executor-494" [_thread_blocked, id=4617, stack(0x22000000,0x22100000)]
  0x4fcd6000 JavaThread "pi4j-gpio-event-executor-493" [_thread_blocked, id=4616, stack(0x22100000,0x22200000)]
  0x2d184800 JavaThread "pi4j-gpio-event-executor-492" [_thread_blocked, id=4615, stack(0x22200000,0x22300000)]
  0x4fcd5400 JavaThread "pi4j-gpio-event-executor-491" [_thread_blocked, id=4614, stack(0x22300000,0x22400000)]
  0x2d182400 JavaThread "pi4j-gpio-event-executor-490" [_thread_blocked, id=4613, stack(0x22400000,0x22500000)]
  0x4fcd3800 JavaThread "pi4j-gpio-event-executor-489" [_thread_blocked, id=4612, stack(0x22500000,0x22600000)]
  0x2d180800 JavaThread "pi4j-gpio-event-executor-488" [_thread_blocked, id=4611, stack(0x22600000,0x22700000)]
  0x4fcd2000 JavaThread "pi4j-gpio-event-executor-487" [_thread_blocked, id=4610, stack(0x22700000,0x22800000)]
  0x2d17f000 JavaThread "pi4j-gpio-event-executor-486" [_thread_blocked, id=4609, stack(0x22800000,0x22900000)]
  0x2d17e800 JavaThread "pi4j-gpio-event-executor-485" [_thread_blocked, id=4608, stack(0x22900000,0x22a00000)]
  0x4fccfc00 JavaThread "pi4j-gpio-event-executor-484" [_thread_blocked, id=4607, stack(0x22a00000,0x22b00000)]
  0x2d17d000 JavaThread "pi4j-gpio-event-executor-482" [_thread_blocked, id=4606, stack(0x22b00000,0x22c00000)]
  0x4fcce400 JavaThread "pi4j-gpio-event-executor-483" [_thread_blocked, id=4605, stack(0x22c00000,0x22d00000)]
  0x4fcccc00 JavaThread "pi4j-gpio-event-executor-481" [_thread_blocked, id=4604, stack(0x22d00000,0x22e00000)]
  0x2d17b800 JavaThread "pi4j-gpio-event-executor-480" [_thread_blocked, id=4603, stack(0x22e00000,0x22f00000)]
  0x2d17ac00 JavaThread "pi4j-gpio-event-executor-479" [_thread_blocked, id=4602, stack(0x22f00000,0x23000000)]
  0x4fccac00 JavaThread "pi4j-gpio-event-executor-478" [_thread_blocked, id=4601, stack(0x23000000,0x23100000)]
  0x2d179400 JavaThread "pi4j-gpio-event-executor-477" [_thread_blocked, id=4600, stack(0x23100000,0x23200000)]
  0x4fcc9400 JavaThread "pi4j-gpio-event-executor-475" [_thread_blocked, id=4599, stack(0x23200000,0x23300000)]
  0x2d177c00 JavaThread "pi4j-gpio-event-executor-476" [_thread_blocked, id=4598, stack(0x23300000,0x23400000)]
  0x4fcc7c00 JavaThread "pi4j-gpio-event-executor-474" [_thread_blocked, id=4597, stack(0x23400000,0x23500000)]
  0x2d177000 JavaThread "pi4j-gpio-event-executor-473" [_thread_blocked, id=4596, stack(0x23500000,0x23600000)]
  0x4fcc5400 JavaThread "pi4j-gpio-event-executor-472" [_thread_blocked, id=4595, stack(0x23600000,0x23700000)]
  0x2d175800 JavaThread "pi4j-gpio-event-executor-471" [_thread_blocked, id=4594, stack(0x23700000,0x23800000)]
  0x2d174000 JavaThread "pi4j-gpio-event-executor-470" [_thread_blocked, id=4593, stack(0x23800000,0x23900000)]
  0x4fcc3c00 JavaThread "pi4j-gpio-event-executor-469" [_thread_blocked, id=4592, stack(0x23900000,0x23a00000)]
  0x2d172c00 JavaThread "pi4j-gpio-event-executor-468" [_thread_blocked, id=4591, stack(0x23a00000,0x23b00000)]
  0x4fcc2800 JavaThread "pi4j-gpio-event-executor-467" [_thread_blocked, id=4590, stack(0x23b00000,0x23c00000)]
  0x2d171400 JavaThread "pi4j-gpio-event-executor-466" [_thread_blocked, id=4589, stack(0x23c00000,0x23d00000)]
  0x4fc85800 JavaThread "pi4j-gpio-event-executor-465" [_thread_blocked, id=4588, stack(0x23d00000,0x23e00000)]
  0x2d16fc00 JavaThread "pi4j-gpio-event-executor-464" [_thread_blocked, id=4587, stack(0x23e00000,0x23f00000)]
  0x2d16f000 JavaThread "pi4j-gpio-event-executor-463" [_thread_blocked, id=4586, stack(0x23f00000,0x24000000)]
  0x4fc83400 JavaThread "pi4j-gpio-event-executor-462" [_thread_blocked, id=4585, stack(0x24000000,0x24100000)]
  0x2d16d800 JavaThread "pi4j-gpio-event-executor-460" [_thread_blocked, id=4584, stack(0x24100000,0x24200000)]
  0x4fc81800 JavaThread "pi4j-gpio-event-executor-461" [_thread_blocked, id=4583, stack(0x24200000,0x24300000)]
  0x2d16c000 JavaThread "pi4j-gpio-event-executor-459" [_thread_blocked, id=4582, stack(0x24300000,0x24400000)]
  0x4fc80000 JavaThread "pi4j-gpio-event-executor-458" [_thread_blocked, id=4581, stack(0x24400000,0x24500000)]
  0x2d16b400 JavaThread "pi4j-gpio-event-executor-457" [_thread_blocked, id=4580, stack(0x24500000,0x24600000)]
  0x4fc7dc00 JavaThread "pi4j-gpio-event-executor-456" [_thread_blocked, id=4579, stack(0x24600000,0x24700000)]
  0x2d16a000 JavaThread "pi4j-gpio-event-executor-455" [_thread_blocked, id=4578, stack(0x24700000,0x24800000)]
  0x4fc7c400 JavaThread "pi4j-gpio-event-executor-454" [_thread_blocked, id=4577, stack(0x24800000,0x24900000)]
  0x2d168400 JavaThread "pi4j-gpio-event-executor-452" [_thread_blocked, id=4576, stack(0x24900000,0x24a00000)]
  0x4fc7ac00 JavaThread "pi4j-gpio-event-executor-453" [_thread_blocked, id=4575, stack(0x24a00000,0x24b00000)]
  0x2d167800 JavaThread "pi4j-gpio-event-executor-451" [_thread_blocked, id=4574, stack(0x24b00000,0x24c00000)]
  0x4fc78800 JavaThread "pi4j-gpio-event-executor-450" [_thread_blocked, id=4573, stack(0x24c00000,0x24d00000)]
  0x2d166000 JavaThread "pi4j-gpio-event-executor-449" [_thread_blocked, id=4572, stack(0x24d00000,0x24e00000)]
  0x2d164800 JavaThread "pi4j-gpio-event-executor-448" [_thread_blocked, id=4571, stack(0x24e00000,0x24f00000)]
  0x4fc77000 JavaThread "pi4j-gpio-event-executor-447" [_thread_blocked, id=4570, stack(0x24f00000,0x25000000)]
  0x2d163000 JavaThread "pi4j-gpio-event-executor-446" [_thread_blocked, id=4569, stack(0x25000000,0x25100000)]
  0x2d162800 JavaThread "pi4j-gpio-event-executor-445" [_thread_blocked, id=4568, stack(0x25100000,0x25200000)]
  0x4fc75800 JavaThread "pi4j-gpio-event-executor-444" [_thread_blocked, id=4567, stack(0x25200000,0x25300000)]
  0x4fc74000 JavaThread "pi4j-gpio-event-executor-443" [_thread_blocked, id=4566, stack(0x25300000,0x25400000)]
  0x2d160000 JavaThread "pi4j-gpio-event-executor-442" [_thread_blocked, id=4565, stack(0x25400000,0x25500000)]
  0x4fc72400 JavaThread "pi4j-gpio-event-executor-441" [_thread_blocked, id=4564, stack(0x25500000,0x25600000)]
  0x2d15ec00 JavaThread "pi4j-gpio-event-executor-440" [_thread_blocked, id=4563, stack(0x25600000,0x25700000)]
  0x2d15dc00 JavaThread "pi4j-gpio-event-executor-439" [_thread_blocked, id=4562, stack(0x25700000,0x25800000)]
  0x4fc70400 JavaThread "pi4j-gpio-event-executor-437" [_thread_blocked, id=4561, stack(0x25800000,0x25900000)]
  0x2d15c400 JavaThread "pi4j-gpio-event-executor-438" [_thread_blocked, id=4560, stack(0x25900000,0x25a00000)]
  0x2d15b800 JavaThread "pi4j-gpio-event-executor-436" [_thread_blocked, id=4559, stack(0x25a00000,0x25b00000)]
  0x2d15a000 JavaThread "pi4j-gpio-event-executor-434" [_thread_blocked, id=4558, stack(0x25b00000,0x25c00000)]
  0x4fc6dc00 JavaThread "pi4j-gpio-event-executor-435" [_thread_blocked, id=4557, stack(0x25c00000,0x25d00000)]
  0x2d158800 JavaThread "pi4j-gpio-event-executor-432" [_thread_blocked, id=4556, stack(0x25d00000,0x25e00000)]
  0x4fc6c400 JavaThread "pi4j-gpio-event-executor-433" [_thread_blocked, id=4555, stack(0x25e00000,0x25f00000)]
  0x2d157c00 JavaThread "pi4j-gpio-event-executor-431" [_thread_blocked, id=4554, stack(0x25f00000,0x26000000)]
  0x4fc6a000 JavaThread "pi4j-gpio-event-executor-430" [_thread_blocked, id=4553, stack(0x26000000,0x26100000)]
  0x4fc68800 JavaThread "pi4j-gpio-event-executor-428" [_thread_blocked, id=4552, stack(0x26100000,0x26200000)]
  0x2d156400 JavaThread "pi4j-gpio-event-executor-429" [_thread_blocked, id=4551, stack(0x26200000,0x26300000)]
  0x4fc67000 JavaThread "pi4j-gpio-event-executor-427" [_thread_blocked, id=4550, stack(0x26300000,0x26400000)]
  0x2d154c00 JavaThread "pi4j-gpio-event-executor-426" [_thread_blocked, id=4549, stack(0x26400000,0x26500000)]
  0x4fc65800 JavaThread "pi4j-gpio-event-executor-425" [_thread_blocked, id=4548, stack(0x26500000,0x26600000)]
  0x2d153400 JavaThread "pi4j-gpio-event-executor-424" [_thread_blocked, id=4547, stack(0x26600000,0x26700000)]
  0x4fc64c00 JavaThread "pi4j-gpio-event-executor-423" [_thread_blocked, id=4546, stack(0x26700000,0x26800000)]
  0x2d151000 JavaThread "pi4j-gpio-event-executor-422" [_thread_blocked, id=4545, stack(0x26800000,0x26900000)]
  0x4fc63400 JavaThread "pi4j-gpio-event-executor-421" [_thread_blocked, id=4544, stack(0x26900000,0x26a00000)]
  0x2d14f800 JavaThread "pi4j-gpio-event-executor-420" [_thread_blocked, id=4543, stack(0x26a00000,0x26b00000)]
  0x2d14ec00 JavaThread "pi4j-gpio-event-executor-419" [_thread_blocked, id=4542, stack(0x26b00000,0x26c00000)]
  0x4fc61000 JavaThread "pi4j-gpio-event-executor-418" [_thread_blocked, id=4541, stack(0x26c00000,0x26d00000)]
  0x2d14d400 JavaThread "pi4j-gpio-event-executor-417" [_thread_blocked, id=4540, stack(0x26d00000,0x26e00000)]
  0x2d14bc00 JavaThread "pi4j-gpio-event-executor-416" [_thread_blocked, id=4539, stack(0x26e00000,0x26f00000)]
  0x4fc5f800 JavaThread "pi4j-gpio-event-executor-415" [_thread_blocked, id=4538, stack(0x26f00000,0x27000000)]
  0x2d14a400 JavaThread "pi4j-gpio-event-executor-414" [_thread_blocked, id=4537, stack(0x27000000,0x27100000)]
  0x2d149800 JavaThread "pi4j-gpio-event-executor-413" [_thread_blocked, id=4536, stack(0x27100000,0x27200000)]
  0x4fc5e000 JavaThread "pi4j-gpio-event-executor-412" [_thread_blocked, id=4535, stack(0x27200000,0x27300000)]
  0x4fc5c800 JavaThread "pi4j-gpio-event-executor-411" [_thread_blocked, id=4534, stack(0x27300000,0x27400000)]
  0x2d147400 JavaThread "pi4j-gpio-event-executor-410" [_thread_blocked, id=4533, stack(0x27400000,0x27500000)]
  0x4fc5b000 JavaThread "pi4j-gpio-event-executor-409" [_thread_blocked, id=4532, stack(0x27500000,0x27600000)]
  0x2d145c00 JavaThread "pi4j-gpio-event-executor-408" [_thread_blocked, id=4531, stack(0x27600000,0x27700000)]
  0x2d144800 JavaThread "pi4j-gpio-event-executor-407" [_thread_blocked, id=4530, stack(0x27700000,0x27800000)]
  0x4fc59400 JavaThread "pi4j-gpio-event-executor-405" [_thread_blocked, id=4529, stack(0x27800000,0x27900000)]
  0x2d143000 JavaThread "pi4j-gpio-event-executor-406" [_thread_blocked, id=4528, stack(0x27900000,0x27a00000)]
  0x2d141800 JavaThread "pi4j-gpio-event-executor-404" [_thread_blocked, id=4527, stack(0x27a00000,0x27b00000)]
  0x2d140c00 JavaThread "pi4j-gpio-event-executor-403" [_thread_blocked, id=4526, stack(0x27b00000,0x27c00000)]
  0x4fc57c00 JavaThread "pi4j-gpio-event-executor-402" [_thread_blocked, id=4525, stack(0x27c00000,0x27d00000)]
  0x4fcb9800 JavaThread "pi4j-gpio-event-executor-401" [_thread_blocked, id=4524, stack(0x27d00000,0x27e00000)]
  0x2d13e800 JavaThread "pi4j-gpio-event-executor-400" [_thread_blocked, id=4523, stack(0x27e00000,0x27f00000)]
  0x2d13d000 JavaThread "pi4j-gpio-event-executor-398" [_thread_blocked, id=4522, stack(0x27f00000,0x28000000)]
  0x4fcb8000 JavaThread "pi4j-gpio-event-executor-399" [_thread_blocked, id=4521, stack(0x28000000,0x28100000)]
  0x2d13c400 JavaThread "pi4j-gpio-event-executor-397" [_thread_blocked, id=4520, stack(0x28100000,0x28200000)]
  0x4fcb5c00 JavaThread "pi4j-gpio-event-executor-396" [_thread_blocked, id=4519, stack(0x28200000,0x28300000)]
  0x4fcb4400 JavaThread "pi4j-gpio-event-executor-394" [_thread_blocked, id=4518, stack(0x28300000,0x28400000)]
  0x2d13ac00 JavaThread "pi4j-gpio-event-executor-395" [_thread_blocked, id=4517, stack(0x28400000,0x28500000)]
  0x4fcb2c00 JavaThread "pi4j-gpio-event-executor-393" [_thread_blocked, id=4516, stack(0x28500000,0x28600000)]
  0x2d139400 JavaThread "pi4j-gpio-event-executor-392" [_thread_blocked, id=4515, stack(0x28600000,0x28700000)]
  0x2d138800 JavaThread "pi4j-gpio-event-executor-391" [_thread_blocked, id=4514, stack(0x28700000,0x28800000)]
  0x4fcb0800 JavaThread "pi4j-gpio-event-executor-390" [_thread_blocked, id=4513, stack(0x28800000,0x28900000)]
  0x2d137000 JavaThread "pi4j-gpio-event-executor-389" [_thread_blocked, id=4512, stack(0x28900000,0x28a00000)]
  0x2d135800 JavaThread "pi4j-gpio-event-executor-388" [_thread_blocked, id=4511, stack(0x28a00000,0x28b00000)]
  0x4fcaf000 JavaThread "pi4j-gpio-event-executor-387" [_thread_blocked, id=4510, stack(0x28b00000,0x28c00000)]
  0x2d134000 JavaThread "pi4j-gpio-event-executor-386" [_thread_blocked, id=4509, stack(0x28c00000,0x28d00000)]
  0x2d133800 JavaThread "pi4j-gpio-event-executor-385" [_thread_blocked, id=4508, stack(0x28d00000,0x28e00000)]
  0x4fcad800 JavaThread "pi4j-gpio-event-executor-384" [_thread_blocked, id=4507, stack(0x28e00000,0x28f00000)]
  0x4fcac000 JavaThread "pi4j-gpio-event-executor-382" [_thread_blocked, id=4506, stack(0x28f00000,0x29000000)]
  0x2d131000 JavaThread "pi4j-gpio-event-executor-383" [_thread_blocked, id=4505, stack(0x29000000,0x29100000)]
  0x2d130800 JavaThread "pi4j-gpio-event-executor-381" [_thread_blocked, id=4504, stack(0x29100000,0x29200000)]
  0x4fca9800 JavaThread "pi4j-gpio-event-executor-380" [_thread_blocked, id=4503, stack(0x29200000,0x29300000)]
  0x2d12f000 JavaThread "pi4j-gpio-event-executor-379" [_thread_blocked, id=4502, stack(0x29300000,0x29400000)]
  0x2d12d800 JavaThread "pi4j-gpio-event-executor-378" [_thread_blocked, id=4501, stack(0x29400000,0x29500000)]
  0x4fca8000 JavaThread "pi4j-gpio-event-executor-377" [_thread_blocked, id=4500, stack(0x29500000,0x29600000)]
  0x2d12c000 JavaThread "pi4j-gpio-event-executor-376" [_thread_blocked, id=4499, stack(0x29600000,0x29700000)]
  0x2d12b400 JavaThread "pi4j-gpio-event-executor-375" [_thread_blocked, id=4498, stack(0x29700000,0x29800000)]
  0x4fca5c00 JavaThread "pi4j-gpio-event-executor-374" [_thread_blocked, id=4497, stack(0x29800000,0x29900000)]
  0x4fca4400 JavaThread "pi4j-gpio-event-executor-373" [_thread_blocked, id=4496, stack(0x29900000,0x29a00000)]
  0x2d129c00 JavaThread "pi4j-gpio-event-executor-372" [_thread_blocked, id=4495, stack(0x29a00000,0x29b00000)]
  0x4fca2c00 JavaThread "pi4j-gpio-event-executor-371" [_thread_blocked, id=4494, stack(0x29b00000,0x29c00000)]
  0x2d128400 JavaThread "pi4j-gpio-event-executor-370" [_thread_blocked, id=4493, stack(0x29c00000,0x29d00000)]
  0x2d127800 JavaThread "pi4j-gpio-event-executor-369" [_thread_blocked, id=4492, stack(0x29d00000,0x29e00000)]
  0x4fca1400 JavaThread "pi4j-gpio-event-executor-368" [_thread_blocked, id=4491, stack(0x29e00000,0x29f00000)]
  0x2d125400 JavaThread "pi4j-gpio-event-executor-367" [_thread_blocked, id=4490, stack(0x29f00000,0x2a000000)]
  0x4fca0800 JavaThread "pi4j-gpio-event-executor-366" [_thread_blocked, id=4489, stack(0x2a000000,0x2a100000)]
  0x4fc9f000 JavaThread "pi4j-gpio-event-executor-365" [_thread_blocked, id=4488, stack(0x2a100000,0x2a200000)]
  0x2d123000 JavaThread "pi4j-gpio-event-executor-364" [_thread_blocked, id=4487, stack(0x2a200000,0x2a300000)]
  0x2d122400 JavaThread "pi4j-gpio-event-executor-363" [_thread_blocked, id=4486, stack(0x2a300000,0x2a400000)]
  0x4fc9cc00 JavaThread "pi4j-gpio-event-executor-361" [_thread_blocked, id=4485, stack(0x2a400000,0x2a500000)]
  0x2d120c00 JavaThread "pi4j-gpio-event-executor-362" [_thread_blocked, id=4484, stack(0x2a500000,0x2a600000)]
  0x4fc9b400 JavaThread "pi4j-gpio-event-executor-360" [_thread_blocked, id=4483, stack(0x2a600000,0x2a700000)]
  0x2d120000 JavaThread "pi4j-gpio-event-executor-359" [_thread_blocked, id=4482, stack(0x2a700000,0x2a800000)]
  0x2d11e800 JavaThread "pi4j-gpio-event-executor-358" [_thread_blocked, id=4481, stack(0x2a800000,0x2a900000)]
  0x4fc99000 JavaThread "pi4j-gpio-event-executor-357" [_thread_blocked, id=4480, stack(0x2a900000,0x2aa00000)]
  0x2d11d400 JavaThread "pi4j-gpio-event-executor-356" [_thread_blocked, id=4479, stack(0x2aa00000,0x2ab00000)]
  0x4fc97800 JavaThread "pi4j-gpio-event-executor-355" [_thread_blocked, id=4478, stack(0x2ab00000,0x2ac00000)]
  0x2d11bc00 JavaThread "pi4j-gpio-event-executor-354" [_thread_blocked, id=4477, stack(0x2ac00000,0x2ad00000)]
  0x4fc96c00 JavaThread "pi4j-gpio-event-executor-353" [_thread_blocked, id=4476, stack(0x2ad00000,0x2ae00000)]
  0x2d119800 JavaThread "pi4j-gpio-event-executor-352" [_thread_blocked, id=4475, stack(0x2ae00000,0x2af00000)]
  0x4fc95400 JavaThread "pi4j-gpio-event-executor-351" [_thread_blocked, id=4474, stack(0x2af00000,0x2b000000)]
  0x2d117c00 JavaThread "pi4j-gpio-event-executor-350" [_thread_blocked, id=4473, stack(0x2b000000,0x2b100000)]
  0x2d117400 JavaThread "pi4j-gpio-event-executor-349" [_thread_blocked, id=4472, stack(0x2b100000,0x2b200000)]
  0x4fc93c00 JavaThread "pi4j-gpio-event-executor-348" [_thread_blocked, id=4471, stack(0x2b200000,0x2b300000)]
  0x4fc92400 JavaThread "pi4j-gpio-event-executor-346" [_thread_blocked, id=4470, stack(0x2b300000,0x2b400000)]
  0x2d114c00 JavaThread "pi4j-gpio-event-executor-347" [_thread_blocked, id=4469, stack(0x2b400000,0x2b500000)]
  0x2d114400 JavaThread "pi4j-gpio-event-executor-345" [_thread_blocked, id=4468, stack(0x2b500000,0x2b600000)]
  0x2d112800 JavaThread "pi4j-gpio-event-executor-343" [_thread_blocked, id=4467, stack(0x2b600000,0x2b700000)]
  0x4fc90000 JavaThread "pi4j-gpio-event-executor-344" [_thread_blocked, id=4466, stack(0x2b700000,0x2b800000)]
  0x4fc8e800 JavaThread "pi4j-gpio-event-executor-342" [_thread_blocked, id=4465, stack(0x2b800000,0x2b900000)]
  0x2d111400 JavaThread "pi4j-gpio-event-executor-341" [_thread_blocked, id=4464, stack(0x2b900000,0x2ba00000)]
  0x4fc8d000 JavaThread "pi4j-gpio-event-executor-340" [_thread_blocked, id=4463, stack(0x2ba00000,0x2bb00000)]
  0x4fc8b800 JavaThread "pi4j-gpio-event-executor-338" [_thread_blocked, id=4462, stack(0x2bb00000,0x2bc00000)]
  0x2d10fc00 JavaThread "pi4j-gpio-event-executor-339" [_thread_blocked, id=4461, stack(0x2bc00000,0x2bd00000)]
  0x2d10f000 JavaThread "pi4j-gpio-event-executor-337" [_thread_blocked, id=4460, stack(0x2bd00000,0x2be00000)]
  0x4fa69800 JavaThread "pi4j-gpio-event-executor-336" [_thread_blocked, id=4459, stack(0x2be00000,0x2bf00000)]
  0x2d10d400 JavaThread "pi4j-gpio-event-executor-335" [_thread_blocked, id=4458, stack(0x2bf00000,0x2c000000)]
  0x2d10bc00 JavaThread "pi4j-gpio-event-executor-334" [_thread_blocked, id=4457, stack(0x2c000000,0x2c100000)]
  0x4fa68400 JavaThread "pi4j-gpio-event-executor-333" [_thread_blocked, id=4456, stack(0x2c100000,0x2c200000)]
  0x4fa66800 JavaThread "pi4j-gpio-event-executor-331" [_thread_blocked, id=4455, stack(0x2c200000,0x2c300000)]
  0x2d10a800 JavaThread "pi4j-gpio-event-executor-332" [_thread_blocked, id=4454, stack(0x2c300000,0x2c400000)]
  0x2d109000 JavaThread "pi4j-gpio-event-executor-329" [_thread_blocked, id=4453, stack(0x2c400000,0x2c500000)]
  0x4fa65000 JavaThread "pi4j-gpio-event-executor-330" [_thread_blocked, id=4452, stack(0x2c500000,0x2c600000)]
  0x4fa64400 JavaThread "pi4j-gpio-event-executor-328" [_thread_blocked, id=4451, stack(0x2c600000,0x2c700000)]
  0x2d106c00 JavaThread "pi4j-gpio-event-executor-326" [_thread_blocked, id=4450, stack(0x2c700000,0x2c800000)]
  0x4fa62c00 JavaThread "pi4j-gpio-event-executor-327" [_thread_blocked, id=4449, stack(0x2c800000,0x2c900000)]
  0x2d106000 JavaThread "pi4j-gpio-event-executor-325" [_thread_blocked, id=4448, stack(0x2c900000,0x2ca00000)]
  0x4fa60800 JavaThread "pi4j-gpio-event-executor-324" [_thread_blocked, id=4447, stack(0x2ca00000,0x2cb00000)]
  0x4fa5f000 JavaThread "pi4j-gpio-event-executor-323" [_thread_blocked, id=4446, stack(0x2cb00000,0x2cc00000)]
  0x2d104800 JavaThread "pi4j-gpio-event-executor-322" [_thread_blocked, id=4445, stack(0x2cc00000,0x2cd00000)]
  0x4fa5d800 JavaThread "pi4j-gpio-event-executor-321" [_thread_blocked, id=4444, stack(0x2cd00000,0x2ce00000)]
  0x2d103000 JavaThread "pi4j-gpio-event-executor-320" [_thread_blocked, id=4443, stack(0x2ce00000,0x2cf00000)]
  0x4fa5c000 JavaThread "pi4j-gpio-event-executor-319" [_thread_blocked, id=4442, stack(0x2cf00000,0x2d000000)]
  0x2d101800 JavaThread "pi4j-gpio-event-executor-318" [_thread_blocked, id=4441, stack(0x2d000000,0x2d100000)]
  0x2d100c00 JavaThread "pi4j-gpio-event-executor-317" [_thread_blocked, id=4440, stack(0x2d200000,0x2d300000)]
  0x4fa5a800 JavaThread "pi4j-gpio-event-executor-316" [_thread_blocked, id=4439, stack(0x2d300000,0x2d400000)]
  0x4fa59000 JavaThread "pi4j-gpio-event-executor-315" [_thread_blocked, id=4438, stack(0x2d400000,0x2d500000)]
  0x531fe800 JavaThread "pi4j-gpio-event-executor-314" [_thread_blocked, id=4437, stack(0x2d500000,0x2d600000)]
  0x531fdc00 JavaThread "pi4j-gpio-event-executor-313" [_thread_blocked, id=4436, stack(0x2d600000,0x2d700000)]
  0x531fc400 JavaThread "pi4j-gpio-event-executor-312" [_thread_blocked, id=4435, stack(0x2d700000,0x2d800000)]
  0x4fa56c00 JavaThread "pi4j-gpio-event-executor-311" [_thread_blocked, id=4434, stack(0x2d800000,0x2d900000)]
  0x531fac00 JavaThread "pi4j-gpio-event-executor-310" [_thread_blocked, id=4433, stack(0x2d900000,0x2da00000)]
  0x4fa55400 JavaThread "pi4j-gpio-event-executor-309" [_thread_blocked, id=4432, stack(0x2da00000,0x2db00000)]
  0x531f9400 JavaThread "pi4j-gpio-event-executor-308" [_thread_blocked, id=4431, stack(0x2db00000,0x2dc00000)]
  0x531f8800 JavaThread "pi4j-gpio-event-executor-307" [_thread_blocked, id=4430, stack(0x2dc00000,0x2dd00000)]
  0x4fa53000 JavaThread "pi4j-gpio-event-executor-306" [_thread_blocked, id=4429, stack(0x2dd00000,0x2de00000)]
  0x4fa51800 JavaThread "pi4j-gpio-event-executor-305" [_thread_blocked, id=4428, stack(0x2de00000,0x2df00000)]
  0x531f7000 JavaThread "pi4j-gpio-event-executor-304" [_thread_blocked, id=4427, stack(0x2df00000,0x2e000000)]
  0x4fa50000 JavaThread "pi4j-gpio-event-executor-303" [_thread_blocked, id=4426, stack(0x2e000000,0x2e100000)]
  0x531f5800 JavaThread "pi4j-gpio-event-executor-302" [_thread_blocked, id=4425, stack(0x2e100000,0x2e200000)]
  0x531f4c00 JavaThread "pi4j-gpio-event-executor-301" [_thread_blocked, id=4424, stack(0x2e200000,0x2e300000)]
  0x4fa4dc00 JavaThread "pi4j-gpio-event-executor-300" [_thread_blocked, id=4423, stack(0x2e300000,0x2e400000)]
  0x531f3400 JavaThread "pi4j-gpio-event-executor-299" [_thread_blocked, id=4422, stack(0x2e400000,0x2e500000)]
  0x4fa4cc00 JavaThread "pi4j-gpio-event-executor-298" [_thread_blocked, id=4421, stack(0x2e500000,0x2e600000)]
  0x4fa4b400 JavaThread "pi4j-gpio-event-executor-297" [_thread_blocked, id=4420, stack(0x2e600000,0x2e700000)]
  0x531f1400 JavaThread "pi4j-gpio-event-executor-296" [_thread_blocked, id=4419, stack(0x2e700000,0x2e800000)]
  0x4fa27000 JavaThread "pi4j-gpio-event-executor-295" [_thread_blocked, id=4418, stack(0x2e800000,0x2e900000)]
  0x531efc00 JavaThread "pi4j-gpio-event-executor-294" [_thread_blocked, id=4417, stack(0x2e900000,0x2ea00000)]
  0x531ee800 JavaThread "pi4j-gpio-event-executor-293" [_thread_blocked, id=4416, stack(0x2ea00000,0x2eb00000)]
  0x531ed000 JavaThread "pi4j-gpio-event-executor-292" [_thread_blocked, id=4415, stack(0x2eb00000,0x2ec00000)]
  0x4fa25400 JavaThread "pi4j-gpio-event-executor-291" [_thread_blocked, id=4414, stack(0x2ec00000,0x2ed00000)]
  0x531ec800 JavaThread "pi4j-gpio-event-executor-290" [_thread_blocked, id=4413, stack(0x2ed00000,0x2ee00000)]
  0x4fa23c00 JavaThread "pi4j-gpio-event-executor-289" [_thread_blocked, id=4412, stack(0x2ee00000,0x2ef00000)]
  0x531ea400 JavaThread "pi4j-gpio-event-executor-288" [_thread_blocked, id=4411, stack(0x2ef00000,0x2f000000)]
  0x4fa22400 JavaThread "pi4j-gpio-event-executor-287" [_thread_blocked, id=4410, stack(0x2f000000,0x2f100000)]
  0x531e8800 JavaThread "pi4j-gpio-event-executor-286" [_thread_blocked, id=4409, stack(0x2f100000,0x2f200000)]
  0x531e7c00 JavaThread "pi4j-gpio-event-executor-285" [_thread_blocked, id=4408, stack(0x2f200000,0x2f300000)]
  0x4fa20000 JavaThread "pi4j-gpio-event-executor-284" [_thread_blocked, id=4407, stack(0x2f300000,0x2f400000)]
  0x531e6400 JavaThread "pi4j-gpio-event-executor-282" [_thread_blocked, id=4406, stack(0x2f400000,0x2f500000)]
  0x4fa1e800 JavaThread "pi4j-gpio-event-executor-283" [_thread_blocked, id=4405, stack(0x2f500000,0x2f600000)]
  0x531e4c00 JavaThread "pi4j-gpio-event-executor-280" [_thread_blocked, id=4404, stack(0x2f600000,0x2f700000)]
  0x4fa1d000 JavaThread "pi4j-gpio-event-executor-281" [_thread_blocked, id=4403, stack(0x2f700000,0x2f800000)]
  0x531e4000 JavaThread "pi4j-gpio-event-executor-279" [_thread_blocked, id=4402, stack(0x2f800000,0x2f900000)]
  0x531e2800 JavaThread "pi4j-gpio-event-executor-278" [_thread_blocked, id=4401, stack(0x2f900000,0x2fa00000)]
  0x4fa1ac00 JavaThread "pi4j-gpio-event-executor-277" [_thread_blocked, id=4400, stack(0x2fa00000,0x2fb00000)]
  0x531e1000 JavaThread "pi4j-gpio-event-executor-275" [_thread_blocked, id=4399, stack(0x2fb00000,0x2fc00000)]
  0x4fa19400 JavaThread "pi4j-gpio-event-executor-276" [_thread_blocked, id=4398, stack(0x2fc00000,0x2fd00000)]
  0x531df800 JavaThread "pi4j-gpio-event-executor-274" [_thread_blocked, id=4397, stack(0x2fd00000,0x2fe00000)]
  0x4fa17c00 JavaThread "pi4j-gpio-event-executor-273" [_thread_blocked, id=4396, stack(0x2fe00000,0x2ff00000)]
  0x531de000 JavaThread "pi4j-gpio-event-executor-272" [_thread_blocked, id=4395, stack(0x2ff00000,0x30000000)]
  0x531dd800 JavaThread "pi4j-gpio-event-executor-271" [_thread_blocked, id=4394, stack(0x30000000,0x30100000)]
  0x4fa15800 JavaThread "pi4j-gpio-event-executor-270" [_thread_blocked, id=4393, stack(0x30100000,0x30200000)]
  0x4fa14000 JavaThread "pi4j-gpio-event-executor-269" [_thread_blocked, id=4392, stack(0x30200000,0x30300000)]
  0x531dbc00 JavaThread "pi4j-gpio-event-executor-268" [_thread_blocked, id=4391, stack(0x30300000,0x30400000)]
  0x531da400 JavaThread "pi4j-gpio-event-executor-267" [_thread_blocked, id=4390, stack(0x30400000,0x30500000)]
  0x4fa12c00 JavaThread "pi4j-gpio-event-executor-266" [_thread_blocked, id=4389, stack(0x30500000,0x30600000)]
  0x4fa11400 JavaThread "pi4j-gpio-event-executor-265" [_thread_blocked, id=4388, stack(0x30600000,0x30700000)]
  0x531d8c00 JavaThread "pi4j-gpio-event-executor-264" [_thread_blocked, id=4387, stack(0x30700000,0x30800000)]
  0x531d7800 JavaThread "pi4j-gpio-event-executor-263" [_thread_blocked, id=4386, stack(0x30800000,0x30900000)]
  0x4fa0f800 JavaThread "pi4j-gpio-event-executor-262" [_thread_blocked, id=4385, stack(0x30900000,0x30a00000)]
  0x4fa0e000 JavaThread "pi4j-gpio-event-executor-261" [_thread_blocked, id=4384, stack(0x30a00000,0x30b00000)]
  0x531d6000 JavaThread "pi4j-gpio-event-executor-260" [_thread_blocked, id=4383, stack(0x30b00000,0x30c00000)]
  0x531d4800 JavaThread "pi4j-gpio-event-executor-258" [_thread_blocked, id=4382, stack(0x30c00000,0x30d00000)]
  0x4fa0c800 JavaThread "pi4j-gpio-event-executor-259" [_thread_blocked, id=4381, stack(0x30d00000,0x30e00000)]
  0x4fa0b000 JavaThread "pi4j-gpio-event-executor-256" [_thread_blocked, id=4380, stack(0x30e00000,0x30f00000)]
  0x531d3000 JavaThread "pi4j-gpio-event-executor-257" [_thread_blocked, id=4379, stack(0x30f00000,0x31000000)]
  0x531d1800 JavaThread "pi4j-gpio-event-executor-254" [_thread_blocked, id=4378, stack(0x31000000,0x31100000)]
  0x4fa09800 JavaThread "pi4j-gpio-event-executor-255" [_thread_blocked, id=4377, stack(0x31100000,0x31200000)]
  0x4fa08400 JavaThread "pi4j-gpio-event-executor-253" [_thread_blocked, id=4376, stack(0x31200000,0x31300000)]
  0x531d0000 JavaThread "pi4j-gpio-event-executor-252" [_thread_blocked, id=4375, stack(0x31300000,0x31400000)]
  0x531cf400 JavaThread "pi4j-gpio-event-executor-251" [_thread_blocked, id=4374, stack(0x31400000,0x31500000)]
  0x5234dc00 JavaThread "pi4j-gpio-event-executor-250" [_thread_blocked, id=4373, stack(0x31500000,0x31600000)]
  0x531ce800 JavaThread "pi4j-gpio-event-executor-249" [_thread_blocked, id=4372, stack(0x31600000,0x31700000)]
  0x5234b400 JavaThread "pi4j-gpio-event-executor-248" [_thread_blocked, id=4371, stack(0x31700000,0x31800000)]
  0x531cd000 JavaThread "pi4j-gpio-event-executor-247" [_thread_blocked, id=4370, stack(0x31800000,0x31900000)]
  0x531cb800 JavaThread "pi4j-gpio-event-executor-246" [_thread_blocked, id=4369, stack(0x31900000,0x31a00000)]
  0x52349c00 JavaThread "pi4j-gpio-event-executor-245" [_thread_blocked, id=4368, stack(0x31a00000,0x31b00000)]
  0x531cac00 JavaThread "pi4j-gpio-event-executor-244" [_thread_blocked, id=4367, stack(0x31b00000,0x31c00000)]
  0x52347c00 JavaThread "pi4j-gpio-event-executor-243" [_thread_blocked, id=4366, stack(0x31c00000,0x31d00000)]
  0x531ca000 JavaThread "pi4j-gpio-event-executor-242" [_thread_blocked, id=4365, stack(0x31d00000,0x31e00000)]
  0x52345400 JavaThread "pi4j-gpio-event-executor-241" [_thread_blocked, id=4364, stack(0x31e00000,0x31f00000)]
  0x52343c00 JavaThread "pi4j-gpio-event-executor-239" [_thread_blocked, id=4363, stack(0x31f00000,0x32000000)]
  0x531c8800 JavaThread "pi4j-gpio-event-executor-240" [_thread_blocked, id=4362, stack(0x32000000,0x32100000)]
  0x52342800 JavaThread "pi4j-gpio-event-executor-238" [_thread_blocked, id=4361, stack(0x32100000,0x32200000)]
  0x531c7000 JavaThread "pi4j-gpio-event-executor-237" [_thread_blocked, id=4360, stack(0x32200000,0x32300000)]
  0x531c5800 JavaThread "pi4j-gpio-event-executor-236" [_thread_blocked, id=4359, stack(0x32300000,0x32400000)]
  0x52341000 JavaThread "pi4j-gpio-event-executor-235" [_thread_blocked, id=4358, stack(0x32400000,0x32500000)]
  0x5233f800 JavaThread "pi4j-gpio-event-executor-233" [_thread_blocked, id=4357, stack(0x32500000,0x32600000)]
  0x531c4400 JavaThread "pi4j-gpio-event-executor-234" [_thread_blocked, id=4356, stack(0x32600000,0x32700000)]
  0x5233ec00 JavaThread "pi4j-gpio-event-executor-232" [_thread_blocked, id=4355, stack(0x32700000,0x32800000)]
  0x5233d400 JavaThread "pi4j-gpio-event-executor-231" [_thread_blocked, id=4354, stack(0x32800000,0x32900000)]
  0x531c2000 JavaThread "pi4j-gpio-event-executor-230" [_thread_blocked, id=4353, stack(0x32900000,0x32a00000)]
  0x5233bc00 JavaThread "pi4j-gpio-event-executor-229" [_thread_blocked, id=4352, stack(0x32a00000,0x32b00000)]
  0x531c0800 JavaThread "pi4j-gpio-event-executor-228" [_thread_blocked, id=4351, stack(0x32b00000,0x32c00000)]
  0x531bf000 JavaThread "pi4j-gpio-event-executor-226" [_thread_blocked, id=4350, stack(0x32c00000,0x32d00000)]
  0x5233a400 JavaThread "pi4j-gpio-event-executor-227" [_thread_blocked, id=4349, stack(0x32d00000,0x32e00000)]
  0x52338800 JavaThread "pi4j-gpio-event-executor-224" [_thread_blocked, id=4348, stack(0x32e00000,0x32f00000)]
  0x531bd800 JavaThread "pi4j-gpio-event-executor-225" [_thread_blocked, id=4347, stack(0x32f00000,0x33000000)]
  0x531bcc00 JavaThread "pi4j-gpio-event-executor-223" [_thread_blocked, id=4346, stack(0x33000000,0x33100000)]
  0x52336400 JavaThread "pi4j-gpio-event-executor-222" [_thread_blocked, id=4345, stack(0x33100000,0x33200000)]
  0x531bb400 JavaThread "pi4j-gpio-event-executor-221" [_thread_blocked, id=4344, stack(0x33200000,0x33300000)]
  0x531b9c00 JavaThread "pi4j-gpio-event-executor-220" [_thread_blocked, id=4343, stack(0x33300000,0x33400000)]
  0x52334c00 JavaThread "pi4j-gpio-event-executor-219" [_thread_blocked, id=4342, stack(0x33400000,0x33500000)]
  0x531b8400 JavaThread "pi4j-gpio-event-executor-218" [_thread_blocked, id=4341, stack(0x33500000,0x33600000)]
  0x52333400 JavaThread "pi4j-gpio-event-executor-217" [_thread_blocked, id=4340, stack(0x33600000,0x33700000)]
  0x531b6c00 JavaThread "pi4j-gpio-event-executor-216" [_thread_blocked, id=4339, stack(0x33700000,0x33800000)]
  0x52331c00 JavaThread "pi4j-gpio-event-executor-215" [_thread_blocked, id=4338, stack(0x33800000,0x33900000)]
  0x531b4800 JavaThread "pi4j-gpio-event-executor-214" [_thread_blocked, id=4337, stack(0x33900000,0x33a00000)]
  0x52330400 JavaThread "pi4j-gpio-event-executor-213" [_thread_blocked, id=4336, stack(0x33a00000,0x33b00000)]
  0x531b3000 JavaThread "pi4j-gpio-event-executor-212" [_thread_blocked, id=4335, stack(0x33b00000,0x33c00000)]
  0x4fa49000 JavaThread "pi4j-gpio-event-executor-211" [_thread_blocked, id=4334, stack(0x33c00000,0x33d00000)]
  0x531b1800 JavaThread "pi4j-gpio-event-executor-210" [_thread_blocked, id=4333, stack(0x33d00000,0x33e00000)]
  0x4fa47800 JavaThread "pi4j-gpio-event-executor-209" [_thread_blocked, id=4332, stack(0x33e00000,0x33f00000)]
  0x531b0000 JavaThread "pi4j-gpio-event-executor-208" [_thread_blocked, id=4331, stack(0x33f00000,0x34000000)]
  0x4fa46000 JavaThread "pi4j-gpio-event-executor-207" [_thread_blocked, id=4330, stack(0x34000000,0x34100000)]
  0x531ae400 JavaThread "pi4j-gpio-event-executor-206" [_thread_blocked, id=4329, stack(0x34100000,0x34200000)]
  0x4fa44800 JavaThread "pi4j-gpio-event-executor-205" [_thread_blocked, id=4328, stack(0x34200000,0x34300000)]
  0x531acc00 JavaThread "pi4j-gpio-event-executor-204" [_thread_blocked, id=4327, stack(0x34300000,0x34400000)]
  0x4fa43000 JavaThread "pi4j-gpio-event-executor-203" [_thread_blocked, id=4326, stack(0x34400000,0x34500000)]
  0x531ab400 JavaThread "pi4j-gpio-event-executor-202" [_thread_blocked, id=4325, stack(0x34500000,0x34600000)]
  0x4fa42400 JavaThread "pi4j-gpio-event-executor-201" [_thread_blocked, id=4324, stack(0x34600000,0x34700000)]
  0x531a9c00 JavaThread "pi4j-gpio-event-executor-200" [_thread_blocked, id=4323, stack(0x34700000,0x34800000)]
  0x4fa40c00 JavaThread "pi4j-gpio-event-executor-199" [_thread_blocked, id=4322, stack(0x34800000,0x34900000)]
  0x531a7800 JavaThread "pi4j-gpio-event-executor-198" [_thread_blocked, id=4321, stack(0x34900000,0x34a00000)]
  0x4fa3f400 JavaThread "pi4j-gpio-event-executor-197" [_thread_blocked, id=4320, stack(0x34a00000,0x34b00000)]
  0x531a6000 JavaThread "pi4j-gpio-event-executor-196" [_thread_blocked, id=4319, stack(0x34b00000,0x34c00000)]
  0x4fa3dc00 JavaThread "pi4j-gpio-event-executor-195" [_thread_blocked, id=4318, stack(0x34c00000,0x34d00000)]
  0x531a5400 JavaThread "pi4j-gpio-event-executor-194" [_thread_blocked, id=4317, stack(0x34d00000,0x34e00000)]
  0x4fa3c400 JavaThread "pi4j-gpio-event-executor-193" [_thread_blocked, id=4316, stack(0x34e00000,0x34f00000)]
  0x4fa3ac00 JavaThread "pi4j-gpio-event-executor-192" [_thread_blocked, id=4315, stack(0x34f00000,0x35000000)]
  0x531a3c00 JavaThread "pi4j-gpio-event-executor-191" [_thread_blocked, id=4314, stack(0x35000000,0x35100000)]
  0x4fa39400 JavaThread "pi4j-gpio-event-executor-189" [_thread_blocked, id=4313, stack(0x35100000,0x35200000)]
  0x531a2400 JavaThread "pi4j-gpio-event-executor-190" [_thread_blocked, id=4312, stack(0x35200000,0x35300000)]
  0x4fa37c00 JavaThread "pi4j-gpio-event-executor-187" [_thread_blocked, id=4311, stack(0x35300000,0x35400000)]
  0x531a0c00 JavaThread "pi4j-gpio-event-executor-188" [_thread_blocked, id=4310, stack(0x35400000,0x35500000)]
  0x4fa36400 JavaThread "pi4j-gpio-event-executor-185" [_thread_blocked, id=4309, stack(0x35500000,0x35600000)]
  0x5319f400 JavaThread "pi4j-gpio-event-executor-186" [_thread_blocked, id=4308, stack(0x35600000,0x35700000)]
  0x5319dc00 JavaThread "pi4j-gpio-event-executor-184" [_thread_blocked, id=4307, stack(0x35700000,0x35800000)]
  0x4fa34c00 JavaThread "pi4j-gpio-event-executor-183" [_thread_blocked, id=4306, stack(0x35800000,0x35900000)]
  0x4fa33800 JavaThread "pi4j-gpio-event-executor-182" [_thread_blocked, id=4305, stack(0x35900000,0x35a00000)]
  0x5319c400 JavaThread "pi4j-gpio-event-executor-181" [_thread_blocked, id=4304, stack(0x35a00000,0x35b00000)]
  0x5319ac00 JavaThread "pi4j-gpio-event-executor-180" [_thread_blocked, id=4303, stack(0x35b00000,0x35c00000)]
  0x4fa32000 JavaThread "pi4j-gpio-event-executor-179" [_thread_blocked, id=4302, stack(0x35c00000,0x35d00000)]
  0x4fa30800 JavaThread "pi4j-gpio-event-executor-178" [_thread_blocked, id=4301, stack(0x35d00000,0x35e00000)]
  0x53199400 JavaThread "pi4j-gpio-event-executor-177" [_thread_blocked, id=4300, stack(0x35e00000,0x35f00000)]
  0x4fa2fc00 JavaThread "pi4j-gpio-event-executor-176" [_thread_blocked, id=4299, stack(0x35f00000,0x36000000)]
  0x53197000 JavaThread "pi4j-gpio-event-executor-175" [_thread_blocked, id=4298, stack(0x36000000,0x36100000)]
  0x4fa2e400 JavaThread "pi4j-gpio-event-executor-174" [_thread_blocked, id=4297, stack(0x36100000,0x36200000)]
  0x4fa2cc00 JavaThread "pi4j-gpio-event-executor-173" [_thread_blocked, id=4296, stack(0x36200000,0x36300000)]
  0x53195800 JavaThread "pi4j-gpio-event-executor-172" [_thread_blocked, id=4295, stack(0x36300000,0x36400000)]
  0x53194c00 JavaThread "pi4j-gpio-event-executor-171" [_thread_blocked, id=4294, stack(0x36400000,0x36500000)]
  0x4fa2a800 JavaThread "pi4j-gpio-event-executor-170" [_thread_blocked, id=4293, stack(0x36500000,0x36600000)]
  0x53193400 JavaThread "pi4j-gpio-event-executor-169" [_thread_blocked, id=4292, stack(0x36600000,0x36700000)]
  0x52317400 JavaThread "pi4j-gpio-event-executor-168" [_thread_blocked, id=4291, stack(0x36700000,0x36800000)]
  0x52316000 JavaThread "pi4j-gpio-event-executor-167" [_thread_blocked, id=4290, stack(0x36800000,0x36900000)]
  0x53191000 JavaThread "pi4j-gpio-event-executor-166" [_thread_blocked, id=4289, stack(0x36900000,0x36a00000)]
  0x52314800 JavaThread "pi4j-gpio-event-executor-165" [_thread_blocked, id=4288, stack(0x36a00000,0x36b00000)]
  0x5318f800 JavaThread "pi4j-gpio-event-executor-164" [_thread_blocked, id=4287, stack(0x36b00000,0x36c00000)]
  0x52313000 JavaThread "pi4j-gpio-event-executor-163" [_thread_blocked, id=4286, stack(0x36c00000,0x36d00000)]
  0x5318e000 JavaThread "pi4j-gpio-event-executor-162" [_thread_blocked, id=4285, stack(0x36d00000,0x36e00000)]
  0x52312000 JavaThread "pi4j-gpio-event-executor-161" [_thread_blocked, id=4284, stack(0x36e00000,0x36f00000)]
  0x5318bc00 JavaThread "pi4j-gpio-event-executor-160" [_thread_blocked, id=4283, stack(0x36f00000,0x37000000)]
  0x52310800 JavaThread "pi4j-gpio-event-executor-159" [_thread_blocked, id=4282, stack(0x37000000,0x37100000)]
  0x5318a400 JavaThread "pi4j-gpio-event-executor-158" [_thread_blocked, id=4281, stack(0x37100000,0x37200000)]
  0x5230f000 JavaThread "pi4j-gpio-event-executor-157" [_thread_blocked, id=4280, stack(0x37200000,0x37300000)]
  0x53189800 JavaThread "pi4j-gpio-event-executor-156" [_thread_blocked, id=4279, stack(0x37300000,0x37400000)]
  0x5230cc00 JavaThread "pi4j-gpio-event-executor-155" [_thread_blocked, id=4278, stack(0x37400000,0x37500000)]
  0x53188000 JavaThread "pi4j-gpio-event-executor-154" [_thread_blocked, id=4277, stack(0x37500000,0x37600000)]
  0x5230b400 JavaThread "pi4j-gpio-event-executor-152" [_thread_blocked, id=4276, stack(0x37600000,0x37700000)]
  0x53186800 JavaThread "pi4j-gpio-event-executor-153" [_thread_blocked, id=4275, stack(0x37700000,0x37800000)]
  0x52309c00 JavaThread "pi4j-gpio-event-executor-151" [_thread_blocked, id=4274, stack(0x37800000,0x37900000)]
  0x53185000 JavaThread "pi4j-gpio-event-executor-150" [_thread_blocked, id=4273, stack(0x37900000,0x37a00000)]
  0x52308400 JavaThread "pi4j-gpio-event-executor-148" [_thread_blocked, id=4272, stack(0x37a00000,0x37b00000)]
  0x53183800 JavaThread "pi4j-gpio-event-executor-149" [_thread_blocked, id=4271, stack(0x37b00000,0x37c00000)]
  0x53182c00 JavaThread "pi4j-gpio-event-executor-147" [_thread_blocked, id=4270, stack(0x37c00000,0x37d00000)]
  0x52306000 JavaThread "pi4j-gpio-event-executor-145" [_thread_blocked, id=4269, stack(0x37d00000,0x37e00000)]
  0x53181400 JavaThread "pi4j-gpio-event-executor-146" [_thread_blocked, id=4268, stack(0x37e00000,0x37f00000)]
  0x5317fc00 JavaThread "pi4j-gpio-event-executor-144" [_thread_blocked, id=4267, stack(0x37f00000,0x38000000)]
  0x52304800 JavaThread "pi4j-gpio-event-executor-143" [_thread_blocked, id=4266, stack(0x38000000,0x38100000)]
  0x52303000 JavaThread "pi4j-gpio-event-executor-141" [_thread_blocked, id=4265, stack(0x38100000,0x38200000)]
  0x5317e400 JavaThread "pi4j-gpio-event-executor-142" [_thread_blocked, id=4264, stack(0x38200000,0x38300000)]
  0x52301800 JavaThread "pi4j-gpio-event-executor-140" [_thread_blocked, id=4263, stack(0x38300000,0x38400000)]
  0x5317cc00 JavaThread "pi4j-gpio-event-executor-139" [_thread_blocked, id=4262, stack(0x38400000,0x38500000)]
  0x52300c00 JavaThread "pi4j-gpio-event-executor-138" [_thread_blocked, id=4261, stack(0x38500000,0x38600000)]
  0x5317a800 JavaThread "pi4j-gpio-event-executor-137" [_thread_blocked, id=4260, stack(0x38600000,0x38700000)]
  0x4fb18c00 JavaThread "pi4j-gpio-event-executor-136" [_thread_blocked, id=4259, stack(0x38700000,0x38800000)]
  0x4fb17800 JavaThread "pi4j-gpio-event-executor-135" [_thread_blocked, id=4258, stack(0x38800000,0x38900000)]
  0x53179000 JavaThread "pi4j-gpio-event-executor-134" [_thread_blocked, id=4257, stack(0x38900000,0x38a00000)]
  0x53177800 JavaThread "pi4j-gpio-event-executor-132" [_thread_blocked, id=4256, stack(0x38a00000,0x38b00000)]
  0x4fb16000 JavaThread "pi4j-gpio-event-executor-133" [_thread_blocked, id=4255, stack(0x38b00000,0x38c00000)]
  0x4fb14800 JavaThread "pi4j-gpio-event-executor-130" [_thread_blocked, id=4254, stack(0x38c00000,0x38d00000)]
  0x53176000 JavaThread "pi4j-gpio-event-executor-131" [_thread_blocked, id=4253, stack(0x38d00000,0x38e00000)]
  0x53175400 JavaThread "pi4j-gpio-event-executor-129" [_thread_blocked, id=4252, stack(0x38e00000,0x38f00000)]
  0x53173c00 JavaThread "pi4j-gpio-event-executor-127" [_thread_blocked, id=4251, stack(0x38f00000,0x39000000)]
  0x4fb12000 JavaThread "pi4j-gpio-event-executor-128" [_thread_blocked, id=4250, stack(0x39000000,0x39100000)]
  0x4fb10800 JavaThread "pi4j-gpio-event-executor-125" [_thread_blocked, id=4249, stack(0x39100000,0x39200000)]
  0x53172400 JavaThread "pi4j-gpio-event-executor-126" [_thread_blocked, id=4248, stack(0x39200000,0x39300000)]
  0x4fb0fc00 JavaThread "pi4j-gpio-event-executor-124" [_thread_blocked, id=4247, stack(0x39300000,0x39400000)]
  0x53170000 JavaThread "pi4j-gpio-event-executor-122" [_thread_blocked, id=4246, stack(0x39400000,0x39500000)]
  0x4fb0e400 JavaThread "pi4j-gpio-event-executor-123" [_thread_blocked, id=4245, stack(0x39500000,0x39600000)]
  0x4fb0cc00 JavaThread "pi4j-gpio-event-executor-121" [_thread_blocked, id=4244, stack(0x39600000,0x39700000)]
  0x5316e800 JavaThread "pi4j-gpio-event-executor-120" [_thread_blocked, id=4243, stack(0x39700000,0x39800000)]
  0x5316e000 JavaThread "pi4j-gpio-event-executor-119" [_thread_blocked, id=4242, stack(0x39800000,0x39900000)]
  0x4fb0b400 JavaThread "pi4j-gpio-event-executor-118" [_thread_blocked, id=4241, stack(0x39900000,0x39a00000)]
  0x4fb09c00 JavaThread "pi4j-gpio-event-executor-117" [_thread_blocked, id=4240, stack(0x39a00000,0x39b00000)]
  0x5316b800 JavaThread "pi4j-gpio-event-executor-116" [_thread_blocked, id=4239, stack(0x39b00000,0x39c00000)]
  0x5316a000 JavaThread "pi4j-gpio-event-executor-114" [_thread_blocked, id=4238, stack(0x39c00000,0x39d00000)]
  0x761a7800 JavaThread "pi4j-gpio-event-executor-115" [_thread_blocked, id=4237, stack(0x39d00000,0x39e00000)]
  0x761a6000 JavaThread "pi4j-gpio-event-executor-112" [_thread_blocked, id=4236, stack(0x39e00000,0x39f00000)]
  0x53168800 JavaThread "pi4j-gpio-event-executor-113" [_thread_blocked, id=4235, stack(0x39f00000,0x3a000000)]
  0x761a4800 JavaThread "pi4j-gpio-event-executor-111" [_thread_blocked, id=4234, stack(0x3a000000,0x3a100000)]
  0x53167000 JavaThread "pi4j-gpio-event-executor-110" [_thread_blocked, id=4233, stack(0x3a100000,0x3a200000)]
  0x761a3000 JavaThread "pi4j-gpio-event-executor-108" [_thread_blocked, id=4232, stack(0x3a200000,0x3a300000)]
  0x53165800 JavaThread "pi4j-gpio-event-executor-109" [_thread_blocked, id=4231, stack(0x3a300000,0x3a400000)]
  0x761a1800 JavaThread "pi4j-gpio-event-executor-107" [_thread_blocked, id=4230, stack(0x3a400000,0x3a500000)]
  0x53164000 JavaThread "pi4j-gpio-event-executor-106" [_thread_blocked, id=4229, stack(0x3a500000,0x3a600000)]
  0x53162800 JavaThread "pi4j-gpio-event-executor-105" [_thread_blocked, id=4228, stack(0x3a600000,0x3a700000)]
  0x761a0c00 JavaThread "pi4j-gpio-event-executor-104" [_thread_blocked, id=4227, stack(0x3a700000,0x3a800000)]
  0x53160000 JavaThread "pi4j-gpio-event-executor-103" [_thread_blocked, id=4226, stack(0x3a800000,0x3a900000)]
  0x7619f400 JavaThread "pi4j-gpio-event-executor-102" [_thread_blocked, id=4225, stack(0x3a900000,0x3aa00000)]
  0x7619dc00 JavaThread "pi4j-gpio-event-executor-101" [_thread_blocked, id=4224, stack(0x3aa00000,0x3ab00000)]
  0x5315e800 JavaThread "pi4j-gpio-event-executor-100" [_thread_blocked, id=4223, stack(0x3ab00000,0x3ac00000)]
  0x5315d000 JavaThread "pi4j-gpio-event-executor-99" [_thread_blocked, id=4222, stack(0x3ac00000,0x3ad00000)]
  0x7619d000 JavaThread "pi4j-gpio-event-executor-98" [_thread_blocked, id=4221, stack(0x3ad00000,0x3ae00000)]
  0x7619b800 JavaThread "pi4j-gpio-event-executor-96" [_thread_blocked, id=4220, stack(0x3ae00000,0x3af00000)]
  0x5315ac00 JavaThread "pi4j-gpio-event-executor-97" [_thread_blocked, id=4219, stack(0x3af00000,0x3b000000)]
  0x7619a000 JavaThread "pi4j-gpio-event-executor-94" [_thread_blocked, id=4218, stack(0x3b000000,0x3b100000)]
  0x53159400 JavaThread "pi4j-gpio-event-executor-95" [_thread_blocked, id=4217, stack(0x3b100000,0x3b200000)]
  0x53157c00 JavaThread "pi4j-gpio-event-executor-93" [_thread_blocked, id=4216, stack(0x3b200000,0x3b300000)]
  0x52996000 JavaThread "pi4j-gpio-event-executor-92" [_thread_blocked, id=4215, stack(0x3b300000,0x3b400000)]
  0x53156400 JavaThread "pi4j-gpio-event-executor-91" [_thread_blocked, id=4214, stack(0x3b400000,0x3b500000)]
  0x52994800 JavaThread "pi4j-gpio-event-executor-90" [_thread_blocked, id=4213, stack(0x3b500000,0x3b600000)]
  0x53154c00 JavaThread "pi4j-gpio-event-executor-89" [_thread_blocked, id=4212, stack(0x3b600000,0x3b700000)]
  0x53153400 JavaThread "pi4j-gpio-event-executor-88" [_thread_blocked, id=4211, stack(0x3b700000,0x3b800000)]
  0x52993000 JavaThread "pi4j-gpio-event-executor-87" [_thread_blocked, id=4210, stack(0x3b800000,0x3b900000)]
  0x52991800 JavaThread "pi4j-gpio-event-executor-86" [_thread_blocked, id=4209, stack(0x3b900000,0x3ba00000)]
  0x53151c00 JavaThread "pi4j-gpio-event-executor-84" [_thread_blocked, id=4208, stack(0x3ba00000,0x3bb00000)]
  0x52990000 JavaThread "pi4j-gpio-event-executor-85" [_thread_blocked, id=4207, stack(0x3bb00000,0x3bc00000)]
  0x5298e800 JavaThread "pi4j-gpio-event-executor-83" [_thread_blocked, id=4206, stack(0x3bc00000,0x3bd00000)]
  0x53150400 JavaThread "pi4j-gpio-event-executor-82" [_thread_blocked, id=4205, stack(0x3bd00000,0x3be00000)]
  0x5298cc00 JavaThread "pi4j-gpio-event-executor-81" [_thread_blocked, id=4204, stack(0x3be00000,0x3bf00000)]
  0x5314ec00 JavaThread "pi4j-gpio-event-executor-80" [_thread_blocked, id=4203, stack(0x3bf00000,0x3c000000)]
  0x5314e000 JavaThread "pi4j-gpio-event-executor-79" [_thread_blocked, id=4202, stack(0x3c000000,0x3c100000)]
  0x5298a800 JavaThread "pi4j-gpio-event-executor-78" [_thread_blocked, id=4201, stack(0x3c100000,0x3c200000)]
  0x5314c800 JavaThread "pi4j-gpio-event-executor-77" [_thread_blocked, id=4200, stack(0x3c200000,0x3c300000)]
  0x52989c00 JavaThread "pi4j-gpio-event-executor-76" [_thread_blocked, id=4199, stack(0x3c300000,0x3c400000)]
  0x5314a400 JavaThread "pi4j-gpio-event-executor-75" [_thread_blocked, id=4198, stack(0x3c400000,0x3c500000)]
  0x52988400 JavaThread "pi4j-gpio-event-executor-74" [_thread_blocked, id=4197, stack(0x3c500000,0x3c600000)]
  0x53148c00 JavaThread "pi4j-gpio-event-executor-73" [_thread_blocked, id=4196, stack(0x3c600000,0x3c700000)]
  0x52986c00 JavaThread "pi4j-gpio-event-executor-72" [_thread_blocked, id=4195, stack(0x3c700000,0x3c800000)]
  0x53147400 JavaThread "pi4j-gpio-event-executor-71" [_thread_blocked, id=4194, stack(0x3c800000,0x3c900000)]
  0x4fc49800 JavaThread "pi4j-gpio-event-executor-70" [_thread_blocked, id=4193, stack(0x3c900000,0x3ca00000)]
  0x53146800 JavaThread "pi4j-gpio-event-executor-69" [_thread_blocked, id=4192, stack(0x3ca00000,0x3cb00000)]
  0x4fc47400 JavaThread "pi4j-gpio-event-executor-68" [_thread_blocked, id=4191, stack(0x3cb00000,0x3cc00000)]
  0x4fc45c00 JavaThread "pi4j-gpio-event-executor-67" [_thread_blocked, id=4190, stack(0x3cc00000,0x3cd00000)]
  0x53145000 JavaThread "pi4j-gpio-event-executor-66" [_thread_blocked, id=4189, stack(0x3cd00000,0x3ce00000)]
  0x4fc44c00 JavaThread "pi4j-gpio-event-executor-65" [_thread_blocked, id=4188, stack(0x3ce00000,0x3cf00000)]
  0x53142c00 JavaThread "pi4j-gpio-event-executor-64" [_thread_blocked, id=4187, stack(0x3cf00000,0x3d000000)]
  0x4fc43800 JavaThread "pi4j-gpio-event-executor-63" [_thread_blocked, id=4186, stack(0x3d000000,0x3d100000)]
  0x53141400 JavaThread "pi4j-gpio-event-executor-62" [_thread_blocked, id=4185, stack(0x3d100000,0x3d200000)]
  0x4fc42000 JavaThread "pi4j-gpio-event-executor-61" [_thread_blocked, id=4184, stack(0x3d200000,0x3d300000)]
  0x5313fc00 JavaThread "pi4j-gpio-event-executor-60" [_thread_blocked, id=4183, stack(0x3d300000,0x3d400000)]
  0x4fc40800 JavaThread "pi4j-gpio-event-executor-59" [_thread_blocked, id=4182, stack(0x3d400000,0x3d500000)]
  0x5313e400 JavaThread "pi4j-gpio-event-executor-58" [_thread_blocked, id=4181, stack(0x3d500000,0x3d600000)]
  0x4fc3f000 JavaThread "pi4j-gpio-event-executor-57" [_thread_blocked, id=4180, stack(0x3d600000,0x3d700000)]
  0x5313cc00 JavaThread "pi4j-gpio-event-executor-56" [_thread_blocked, id=4179, stack(0x3d700000,0x3d800000)]
  0x5313b400 JavaThread "pi4j-gpio-event-executor-55" [_thread_blocked, id=4178, stack(0x3d800000,0x3d900000)]
  0x4fc3d800 JavaThread "pi4j-gpio-event-executor-54" [_thread_blocked, id=4177, stack(0x3d900000,0x3da00000)]
  0x4fc3c000 JavaThread "pi4j-gpio-event-executor-52" [_thread_blocked, id=4176, stack(0x3da00000,0x3db00000)]
  0x53139c00 JavaThread "pi4j-gpio-event-executor-53" [_thread_blocked, id=4175, stack(0x3db00000,0x3dc00000)]
  0x53139400 JavaThread "pi4j-gpio-event-executor-51" [_thread_blocked, id=4174, stack(0x3dc00000,0x3dd00000)]
  0x53137800 JavaThread "pi4j-gpio-event-executor-50" [_thread_blocked, id=4173, stack(0x3dd00000,0x3de00000)]
  0x76157400 JavaThread "pi4j-gpio-event-executor-49" [_thread_blocked, id=4172, stack(0x3de00000,0x3df00000)]
  0x53137000 JavaThread "pi4j-gpio-event-executor-48" [_thread_blocked, id=4171, stack(0x3df00000,0x3e000000)]
  0x76155000 JavaThread "pi4j-gpio-event-executor-47" [_thread_blocked, id=4170, stack(0x3e000000,0x3e100000)]
  0x53135800 JavaThread "pi4j-gpio-event-executor-46" [_thread_blocked, id=4169, stack(0x3e100000,0x3e200000)]
  0x76153800 JavaThread "pi4j-gpio-event-executor-45" [_thread_blocked, id=4168, stack(0x3e200000,0x3e300000)]
  0x53134000 JavaThread "pi4j-gpio-event-executor-44" [_thread_blocked, id=4167, stack(0x3e300000,0x3e400000)]
  0x76152000 JavaThread "pi4j-gpio-event-executor-43" [_thread_blocked, id=4166, stack(0x3e400000,0x3e500000)]
  0x53132800 JavaThread "pi4j-gpio-event-executor-42" [_thread_blocked, id=4165, stack(0x3e500000,0x3e600000)]
  0x76150800 JavaThread "pi4j-gpio-event-executor-41" [_thread_blocked, id=4164, stack(0x3e600000,0x3e700000)]
  0x53131000 JavaThread "pi4j-gpio-event-executor-40" [_thread_blocked, id=4163, stack(0x3e700000,0x3e800000)]
  0x7618fc00 JavaThread "pi4j-gpio-event-executor-39" [_thread_blocked, id=4162, stack(0x3e800000,0x3e900000)]
  0x5312f800 JavaThread "pi4j-gpio-event-executor-38" [_thread_blocked, id=4161, stack(0x3e900000,0x3ea00000)]
  0x7618e400 JavaThread "pi4j-gpio-event-executor-37" [_thread_blocked, id=4160, stack(0x3ea00000,0x3eb00000)]
  0x5312e000 JavaThread "pi4j-gpio-event-executor-36" [_thread_blocked, id=4159, stack(0x3eb00000,0x3ec00000)]
  0x5312c800 JavaThread "pi4j-gpio-event-executor-35" [_thread_blocked, id=4158, stack(0x3ec00000,0x3ed00000)]
  0x7618cc00 JavaThread "pi4j-gpio-event-executor-34" [_thread_blocked, id=4157, stack(0x3ed00000,0x3ee00000)]
  0x5312bc00 JavaThread "pi4j-gpio-event-executor-33" [_thread_blocked, id=4156, stack(0x3ee00000,0x3ef00000)]
  0x7618a800 JavaThread "pi4j-gpio-event-executor-31" [_thread_blocked, id=4155, stack(0x3ef00000,0x3f000000)]
  0x5312a400 JavaThread "pi4j-gpio-event-executor-32" [_thread_blocked, id=4154, stack(0x3f000000,0x3f100000)]
  0x76189000 JavaThread "pi4j-gpio-event-executor-30" [_thread_blocked, id=4153, stack(0x3f100000,0x3f200000)]
  0x53128c00 JavaThread "pi4j-gpio-event-executor-29" [_thread_blocked, id=4152, stack(0x3f200000,0x3f300000)]
  0x52971000 JavaThread "pi4j-gpio-event-executor-28" [_thread_blocked, id=4151, stack(0x3f300000,0x3f400000)]
  0x5296f800 JavaThread "pi4j-gpio-event-executor-26" [_thread_blocked, id=4150, stack(0x3f400000,0x3f500000)]
  0x53127000 JavaThread "pi4j-gpio-event-executor-27" [_thread_blocked, id=4149, stack(0x3f500000,0x3f600000)]
  0x5296e000 JavaThread "pi4j-gpio-event-executor-25" [_thread_blocked, id=4148, stack(0x3f600000,0x3f700000)]
  0x53125800 JavaThread "pi4j-gpio-event-executor-24" [_thread_blocked, id=4147, stack(0x3f700000,0x3f800000)]
  0x5296d400 JavaThread "pi4j-gpio-event-executor-23" [_thread_blocked, id=4146, stack(0x3f800000,0x3f900000)]
  0x53124000 JavaThread "pi4j-gpio-event-executor-22" [_thread_blocked, id=4145, stack(0x3f900000,0x3fa00000)]
  0x53122800 JavaThread "pi4j-gpio-event-executor-21" [_thread_blocked, id=4144, stack(0x3fa00000,0x3fb00000)]
  0x5296b000 JavaThread "pi4j-gpio-event-executor-20" [_thread_blocked, id=4143, stack(0x3fb00000,0x3fc00000)]
  0x4fafb400 JavaThread "pi4j-gpio-event-executor-19" [_thread_blocked, id=4142, stack(0x3fc00000,0x3fd00000)]
  0x53121000 JavaThread "pi4j-gpio-event-executor-18" [_thread_blocked, id=4141, stack(0x3fd00000,0x3fe00000)]
  0x5311f800 JavaThread "pi4j-gpio-event-executor-17" [_thread_blocked, id=4138, stack(0x3fe00000,0x3ff00000)]
  0x4faf5400 JavaThread "pi4j-gpio-event-executor-16" [_thread_blocked, id=4137, stack(0x3ff00000,0x40000000)]
  0x4fb07400 JavaThread "pi4j-gpio-event-executor-14" [_thread_blocked, id=4136, stack(0x40000000,0x40100000)]
  0x5311e400 JavaThread "pi4j-gpio-event-executor-15" [_thread_blocked, id=4135, stack(0x40100000,0x40200000)]
  0x4fb06400 JavaThread "pi4j-gpio-event-executor-12" [_thread_blocked, id=4134, stack(0x40200000,0x40300000)]
  0x5311d000 JavaThread "pi4j-gpio-event-executor-13" [_thread_blocked, id=4133, stack(0x40300000,0x40400000)]
  0x5311c000 JavaThread "pi4j-gpio-event-executor-11" [_thread_blocked, id=4117, stack(0x43400000,0x43500000)]
  0x5311b800 JavaThread "pi4j-gpio-event-executor-10" [_thread_blocked, id=4116, stack(0x43500000,0x43600000)]
  0x4fb04000 JavaThread "pi4j-gpio-event-executor-8" [_thread_blocked, id=4110, stack(0x45e00000,0x45f00000)]
  0x53109c00 JavaThread "pi4j-gpio-event-executor-9" [_thread_blocked, id=4109, stack(0x45f00000,0x46000000)]
  0x53108000 JavaThread "pi4j-gpio-event-executor-7" [_thread_blocked, id=4108, stack(0x46000000,0x46100000)]
  0x53107400 JavaThread "pi4j-gpio-event-executor-6" [_thread_blocked, id=4107, stack(0x46100000,0x46200000)]
  0x4fb01c00 JavaThread "pi4j-gpio-event-executor-5" [_thread_blocked, id=4106, stack(0x46200000,0x46300000)]
  0x4fb01400 JavaThread "pi4j-gpio-event-executor-4" [_thread_blocked, id=4105, stack(0x46300000,0x46400000)]
  0x53105c00 JavaThread "pi4j-gpio-event-executor-3" [_thread_blocked, id=4104, stack(0x46400000,0x46500000)]
  0x53105400 JavaThread "pi4j-gpio-event-executor-2" [_thread_blocked, id=4103, stack(0x46500000,0x46600000)]
  0x53102c00 JavaThread "pi4j-gpio-event-executor-1" [_thread_blocked, id=4091, stack(0x4be00000,0x4bf00000)]
  0x5310c400 JavaThread "pi4j-gpio-event-executor-0" [_thread_blocked, id=4090, stack(0x4bf00000,0x4c000000)]
  0x504dac00 JavaThread "testeLeitura" [_thread_blocked, id=3894, stack(0x4f100000,0x4f200000)]
  0x50469000 JavaThread "NonBlockingInputStreamThread" daemon [_thread_blocked, id=3893, stack(0x50200000,0x50300000)]
  0x76182c00 JavaThread "Service Thread" daemon [_thread_blocked, id=3880, stack(0x52a00000,0x52b00000)]
  0x7617f800 JavaThread "C1 CompilerThread0" daemon [_thread_blocked, id=3879, stack(0x52c80000,0x52d00000)]
  0x7617e000 JavaThread "Signal Dispatcher" daemon [_thread_blocked, id=3878, stack(0x52e65000,0x52f65000)]
  0x76162400 JavaThread "Finalizer" daemon [_thread_blocked, id=3877, stack(0x53300000,0x53400000)]
  0x76160c00 JavaThread "Reference Handler" daemon [_thread_blocked, id=3876, stack(0x53400000,0x53500000)]
  0x76107800 JavaThread "MainThread" [_thread_blocked, id=3874, stack(0x76206000,0x76306000)]

Other Threads:
=>0x7615dc00 VMThread [stack: 0x53662000,0x536e2000] [id=3875]
  0x76184c00 WatcherThread [stack: 0x52c00000,0x52c80000] [id=3881]

VM state:at safepoint (normal execution)

VM Mutex/Monitor currently owned by a thread:  ([mutex/lock_event])
[0x76104e88] Threads_lock - owner thread: 0x7615dc00

Heap:
 def new generation   total 8064K, used 5999K [0x53e00000, 0x546c0000, 0x5e8a0000)
  eden space 7168K,  79% used [0x53e00000, 0x5438cef8, 0x54500000)
  from space 896K,  35% used [0x545e0000, 0x5462ee70, 0x546c0000)
  to   space 896K,   0% used [0x54500000, 0x54500000, 0x545e0000)
 tenured generation   total 17660K, used 11475K [0x5e8a0000, 0x5f9df000, 0x73e00000)
   the space 17660K,  64% used [0x5e8a0000, 0x5f3d4f78, 0x5f3d5000, 0x5f9df000)
 Metaspace       used 16929K, capacity 17763K, committed 17816K, reserved 18736K

Card table byte_map: [0x73e93000,0x73f94000] byte_map_base: 0x73bf4000

Polling page: 0x76f79000

CodeCache: size=32768Kb used=2200Kb max_used=2200Kb free=30568Kb
 bounds [0x74014000, 0x7423c000, 0x76014000]
 total_blobs=1425 nmethods=1217 adapters=138
 compilation: enabled

Compilation events (10 events):
Event: 48,737 Thread 0x7617f800 1250             java.lang.Long::stringSize (38 bytes)
Event: 48,738 Thread 0x7617f800 nmethod 1250 0x74238248 code [0x74238330, 0x74238438]
Event: 48,741 Thread 0x7617f800 1251             java.lang.Long::getChars (221 bytes)
Event: 48,743 Thread 0x7617f800 nmethod 1251 0x742384c8 code [0x742385f0, 0x742389e8]
Event: 48,990 Thread 0x7617f800 1252             java.util.Formatter$Conversion::isInteger (48 bytes)
Event: 48,991 Thread 0x7617f800 nmethod 1252 0x74238e48 code [0x74238f20, 0x74238fd8]
Event: 66,414 Thread 0x7617f800 1253 % !         java.util.concurrent.ThreadPoolExecutor::runWorker @ 21 (225 bytes)
Event: 66,419 Thread 0x7617f800 nmethod 1253% 0x74239008 code [0x742391a0, 0x7423981c]
Event: 71,552 Thread 0x7617f800 1254             java.lang.Throwable::<init> (34 bytes)
Event: 71,553 Thread 0x7617f800 nmethod 1254 0x7423a248 code [0x7423a340, 0x7423a444]

GC Heap History (10 events):
Event: 70,315 GC heap before
{Heap before GC invocations=185 (full 2):
 def new generation   total 8064K, used 7189K [0x53e00000, 0x546c0000, 0x5e8a0000)
  eden space 7168K, 100% used [0x53e00000, 0x54500000, 0x54500000)
  from space 896K,   2% used [0x54500000, 0x545057e0, 0x545e0000)
  to   space 896K,   0% used [0x545e0000, 0x545e0000, 0x546c0000)
 tenured generation   total 17660K, used 11455K [0x5e8a0000, 0x5f9df000, 0x73e00000)
   the space 17660K,  64% used [0x5e8a0000, 0x5f3cfc18, 0x5f3cfe00, 0x5f9df000)
 Metaspace       used 16929K, capacity 17763K, committed 17816K, reserved 18736K
Event: 70,353 GC heap after
Heap after GC invocations=186 (full 2):
 def new generation   total 8064K, used 22K [0x53e00000, 0x546c0000, 0x5e8a0000)
  eden space 7168K,   0% used [0x53e00000, 0x53e00000, 0x54500000)
  from space 896K,   2% used [0x545e0000, 0x545e58c8, 0x546c0000)
  to   space 896K,   0% used [0x54500000, 0x54500000, 0x545e0000)
 tenured generation   total 17660K, used 11455K [0x5e8a0000, 0x5f9df000, 0x73e00000)
   the space 17660K,  64% used [0x5e8a0000, 0x5f3cfc18, 0x5f3cfe00, 0x5f9df000)
 Metaspace       used 16929K, capacity 17763K, committed 17816K, reserved 18736K
}
Event: 71,010 GC heap before
{Heap before GC invocations=186 (full 2):
 def new generation   total 8064K, used 7190K [0x53e00000, 0x546c0000, 0x5e8a0000)
  eden space 7168K, 100% used [0x53e00000, 0x54500000, 0x54500000)
  from space 896K,   2% used [0x545e0000, 0x545e58c8, 0x546c0000)
  to   space 896K,   0% used [0x54500000, 0x54500000, 0x545e0000)
 tenured generation   total 17660K, used 11455K [0x5e8a0000, 0x5f9df000, 0x73e00000)
   the space 17660K,  64% used [0x5e8a0000, 0x5f3cfc18, 0x5f3cfe00, 0x5f9df000)
 Metaspace       used 16929K, capacity 17763K, committed 17816K, reserved 18736K
Event: 71,040 GC heap after
Heap after GC invocations=187 (full 2):
 def new generation   total 8064K, used 21K [0x53e00000, 0x546c0000, 0x5e8a0000)
  eden space 7168K,   0% used [0x53e00000, 0x53e00000, 0x54500000)
  from space 896K,   2% used [0x54500000, 0x545057f0, 0x545e0000)
  to   space 896K,   0% used [0x545e0000, 0x545e0000, 0x546c0000)
 tenured generation   total 17660K, used 11455K [0x5e8a0000, 0x5f9df000, 0x73e00000)
   the space 17660K,  64% used [0x5e8a0000, 0x5f3cfc18, 0x5f3cfe00, 0x5f9df000)
 Metaspace       used 16929K, capacity 17763K, committed 17816K, reserved 18736K
}
Event: 71,359 GC heap before
{Heap before GC invocations=187 (full 2):
 def new generation   total 8064K, used 7189K [0x53e00000, 0x546c0000, 0x5e8a0000)
  eden space 7168K, 100% used [0x53e00000, 0x54500000, 0x54500000)
  from space 896K,   2% used [0x54500000, 0x545057f0, 0x545e0000)
  to   space 896K,   0% used [0x545e0000, 0x545e0000, 0x546c0000)
 tenured generation   total 17660K, used 11455K [0x5e8a0000, 0x5f9df000, 0x73e00000)
   the space 17660K,  64% used [0x5e8a0000, 0x5f3cfc18, 0x5f3cfe00, 0x5f9df000)
 Metaspace       used 16929K, capacity 17763K, committed 17816K, reserved 18736K
Event: 71,392 GC heap after
Heap after GC invocations=188 (full 2):
 def new generation   total 8064K, used 2K [0x53e00000, 0x546c0000, 0x5e8a0000)
  eden space 7168K,   0% used [0x53e00000, 0x53e00000, 0x54500000)
  from space 896K,   0% used [0x545e0000, 0x545e08b0, 0x546c0000)
  to   space 896K,   0% used [0x54500000, 0x54500000, 0x545e0000)
 tenured generation   total 17660K, used 11475K [0x5e8a0000, 0x5f9df000, 0x73e00000)
   the space 17660K,  64% used [0x5e8a0000, 0x5f3d4e98, 0x5f3d5000, 0x5f9df000)
 Metaspace       used 16929K, capacity 17763K, committed 17816K, reserved 18736K
}
Event: 71,797 GC heap before
{Heap before GC invocations=188 (full 2):
 def new generation   total 8064K, used 7170K [0x53e00000, 0x546c0000, 0x5e8a0000)
  eden space 7168K, 100% used [0x53e00000, 0x54500000, 0x54500000)
  from space 896K,   0% used [0x545e0000, 0x545e08b0, 0x546c0000)
  to   space 896K,   0% used [0x54500000, 0x54500000, 0x545e0000)
 tenured generation   total 17660K, used 11475K [0x5e8a0000, 0x5f9df000, 0x73e00000)
   the space 17660K,  64% used [0x5e8a0000, 0x5f3d4e98, 0x5f3d5000, 0x5f9df000)
 Metaspace       used 16929K, capacity 17763K, committed 17816K, reserved 18736K
Event: 71,830 GC heap after
Heap after GC invocations=189 (full 2):
 def new generation   total 8064K, used 77K [0x53e00000, 0x546c0000, 0x5e8a0000)
  eden space 7168K,   0% used [0x53e00000, 0x53e00000, 0x54500000)
  from space 896K,   8% used [0x54500000, 0x54513708, 0x545e0000)
  to   space 896K,   0% used [0x545e0000, 0x545e0000, 0x546c0000)
 tenured generation   total 17660K, used 11475K [0x5e8a0000, 0x5f9df000, 0x73e00000)
   the space 17660K,  64% used [0x5e8a0000, 0x5f3d4f78, 0x5f3d5000, 0x5f9df000)
 Metaspace       used 16929K, capacity 17763K, committed 17816K, reserved 18736K
}
Event: 72,350 GC heap before
{Heap before GC invocations=189 (full 2):
 def new generation   total 8064K, used 7245K [0x53e00000, 0x546c0000, 0x5e8a0000)
  eden space 7168K, 100% used [0x53e00000, 0x54500000, 0x54500000)
  from space 896K,   8% used [0x54500000, 0x54513708, 0x545e0000)
  to   space 896K,   0% used [0x545e0000, 0x545e0000, 0x546c0000)
 tenured generation   total 17660K, used 11475K [0x5e8a0000, 0x5f9df000, 0x73e00000)
   the space 17660K,  64% used [0x5e8a0000, 0x5f3d4f78, 0x5f3d5000, 0x5f9df000)
 Metaspace       used 16929K, capacity 17763K, committed 17816K, reserved 18736K
Event: 72,397 GC heap after
Heap after GC invocations=190 (full 2):
 def new generation   total 8064K, used 315K [0x53e00000, 0x546c0000, 0x5e8a0000)
  eden space 7168K,   0% used [0x53e00000, 0x53e00000, 0x54500000)
  from space 896K,  35% used [0x545e0000, 0x5462ee70, 0x546c0000)
  to   space 896K,   0% used [0x54500000, 0x54500000, 0x545e0000)
 tenured generation   total 17660K, used 11475K [0x5e8a0000, 0x5f9df000, 0x73e00000)
   the space 17660K,  64% used [0x5e8a0000, 0x5f3d4f78, 0x5f3d5000, 0x5f9df000)
 Metaspace       used 16929K, capacity 17763K, committed 17816K, reserved 18736K
}

Deoptimization events (0 events):
No events

Internal exceptions (10 events):
Event: 72,807 Thread 0x2d16d800 Exception <a 'java/io/IOException'> (0x5438a018) thrown at [/HUDSON/workspace/8-2-build-glinux-arm-vfp-hflt/jdk8u65/4987/hotspot/src/share/vm/prims/jni.cpp, line 709]
Event: 72,807 Thread 0x2d16d800 Exception <a 'java/io/IOException'> (0x5438a278) thrown at [/HUDSON/workspace/8-2-build-glinux-arm-vfp-hflt/jdk8u65/4987/hotspot/src/share/vm/prims/jni.cpp, line 709]
Event: 72,807 Thread 0x2d16d800 Exception <a 'java/io/IOException'> (0x5438a4e8) thrown at [/HUDSON/workspace/8-2-build-glinux-arm-vfp-hflt/jdk8u65/4987/hotspot/src/share/vm/prims/jni.cpp, line 709]
Event: 72,807 Thread 0x4fefec00 Exception <a 'java/lang/OutOfMemoryError': unable to create new native thread> (0x5438ada0) thrown at [/HUDSON/workspace/8-2-build-glinux-arm-vfp-hflt/jdk8u65/4987/hotspot/src/share/vm/prims/jvm.cpp, line 3020]
Event: 72,807 Thread 0x2d16d800 Exception <a 'java/io/IOException'> (0x5438a748) thrown at [/HUDSON/workspace/8-2-build-glinux-arm-vfp-hflt/jdk8u65/4987/hotspot/src/share/vm/prims/jni.cpp, line 709]
Event: 72,808 Thread 0x2d16d800 Exception <a 'java/io/IOException'> (0x5438a9a8) thrown at [/HUDSON/workspace/8-2-build-glinux-arm-vfp-hflt/jdk8u65/4987/hotspot/src/share/vm/prims/jni.cpp, line 709]
Event: 72,808 Thread 0x2d16d800 Exception <a 'java/io/IOException'> (0x5438ac08) thrown at [/HUDSON/workspace/8-2-build-glinux-arm-vfp-hflt/jdk8u65/4987/hotspot/src/share/vm/prims/jni.cpp, line 709]
Event: 72,808 Thread 0x4fefec00 Exception <a 'java/io/IOException'> (0x5438b2b8) thrown at [/HUDSON/workspace/8-2-build-glinux-arm-vfp-hflt/jdk8u65/4987/hotspot/src/share/vm/prims/jni.cpp, line 709]
Event: 72,808 Thread 0x2d16d800 Exception <a 'java/io/IOException'> (0x5438b698) thrown at [/HUDSON/workspace/8-2-build-glinux-arm-vfp-hflt/jdk8u65/4987/hotspot/src/share/vm/prims/jni.cpp, line 709]
Event: 72,808 Thread 0x2d16d800 Exception <a 'java/io/IOException'> (0x5438b8f8) thrown at [/HUDSON/workspace/8-2-build-glinux-arm-vfp-hflt/jdk8u65/4987/hotspot/src/share/vm/prims/jni.cpp, line 709]

Events (10 events):
Event: 72,800 Thread 0x4fefec00 Thread exited: 0x4fefec00
Event: 72,803 Thread 0x17907400 Thread exited: 0x17907400
Event: 72,803 Thread 0x17907400 Thread added: 0x17907400
Event: 72,803 Thread 0x17907400 Thread exited: 0x17907400
Event: 72,803 Thread 0x4fefec00 Thread added: 0x4fefec00
Event: 72,804 Thread 0x17907400 Thread added: 0x17907400
Event: 72,805 Thread 0x17907400 Thread exited: 0x17907400
Event: 72,807 Thread 0x4fefec00 Thread exited: 0x4fefec00
Event: 72,807 Thread 0x4fefec00 Thread added: 0x4fefec00
Event: 72,808 Executing VM operation: BulkRevokeBias


Dynamic libraries:
00008000-00009000 r-xp 00000000 b3:07 6491       /usr/lib/jvm/jdk-8-oracle-arm32-vfp-hflt/jre/bin/java
00010000-00011000 rw-p 00000000 b3:07 6491       /usr/lib/jvm/jdk-8-oracle-arm32-vfp-hflt/jre/bin/java
00013000-00073000 rw-p 00000000 00:00 0 
00073000-00076000 ---p 00000000 00:00 0 
00076000-00173000 rw-p 00000000 00:00 0 
00173000-00176000 ---p 00000000 00:00 0 
00176000-00273000 rw-p 00000000 00:00 0 
00273000-00276000 ---p 00000000 00:00 0 
00276000-00373000 rw-p 00000000 00:00 0 
00373000-00376000 ---p 00000000 00:00 0 
00376000-00473000 rw-p 00000000 00:00 0 
00473000-00476000 ---p 00000000 00:00 0 
00476000-00573000 rw-p 00000000 00:00 0 
00573000-00576000 ---p 00000000 00:00 0 
00576000-00673000 rw-p 00000000 00:00 0 
00673000-00676000 ---p 00000000 00:00 0 
00676000-00794000 rw-p 00000000 00:00 0          [heap]
00798000-00800000 rw-p 00000000 00:00 0 
00800000-00803000 ---p 00000000 00:00 0 
00803000-00900000 rw-p 00000000 00:00 0 
00900000-00903000 ---p 00000000 00:00 0 
00903000-00a00000 rw-p 00000000 00:00 0 
00a00000-00a03000 ---p 00000000 00:00 0 
00a03000-00b00000 rw-p 00000000 00:00 0 
00b00000-00b03000 ---p 00000000 00:00 0 
00b03000-00c00000 rw-p 00000000 00:00 0 
00c00000-00c03000 ---p 00000000 00:00 0 
00c03000-00d00000 rw-p 00000000 00:00 0 
00d00000-00d03000 ---p 00000000 00:00 0 
00d03000-00e00000 rw-p 00000000 00:00 0 
00e00000-00e03000 ---p 00000000 00:00 0 
00e03000-00f00000 rw-p 00000000 00:00 0 
00f00000-00f03000 ---p 00000000 00:00 0 
00f03000-01000000 rw-p 00000000 00:00 0 
01000000-01003000 ---p 00000000 00:00 0 
01003000-01100000 rw-p 00000000 00:00 0 
01100000-01103000 ---p 00000000 00:00 0 
01103000-01200000 rw-p 00000000 00:00 0 
01200000-01203000 ---p 00000000 00:00 0 
01203000-01300000 rw-p 00000000 00:00 0 
01300000-01303000 ---p 00000000 00:00 0 
01303000-01400000 rw-p 00000000 00:00 0 
01400000-01403000 ---p 00000000 00:00 0 
01403000-01500000 rw-p 00000000 00:00 0 
01500000-01503000 ---p 00000000 00:00 0 
01503000-01600000 rw-p 00000000 00:00 0 
01600000-01603000 ---p 00000000 00:00 0 
01603000-01700000 rw-p 00000000 00:00 0 
01700000-01703000 ---p 00000000 00:00 0 
01703000-01800000 rw-p 00000000 00:00 0 
01800000-01803000 ---p 00000000 00:00 0 
01803000-01900000 rw-p 00000000 00:00 0 
01900000-01903000 ---p 00000000 00:00 0 
01903000-01a00000 rw-p 00000000 00:00 0 
01a00000-01a03000 ---p 00000000 00:00 0 
01a03000-01b00000 rw-p 00000000 00:00 0 
01b00000-01b03000 ---p 00000000 00:00 0 
01b03000-01c00000 rw-p 00000000 00:00 0 
01c00000-01c03000 ---p 00000000 00:00 0 
01c03000-01d00000 rw-p 00000000 00:00 0 
01d00000-01d03000 ---p 00000000 00:00 0 
01d03000-01e00000 rw-p 00000000 00:00 0 
01e00000-01e03000 ---p 00000000 00:00 0 
01e03000-01f00000 rw-p 00000000 00:00 0 
01f00000-01f03000 ---p 00000000 00:00 0 
01f03000-02000000 rw-p 00000000 00:00 0 
02000000-02003000 ---p 00000000 00:00 0 
02003000-02100000 rw-p 00000000 00:00 0 
02100000-02103000 ---p 00000000 00:00 0 
02103000-02200000 rw-p 00000000 00:00 0 
02200000-02203000 ---p 00000000 00:00 0 
02203000-02300000 rw-p 00000000 00:00 0 
02300000-02303000 ---p 00000000 00:00 0 
02303000-02400000 rw-p 00000000 00:00 0 
02400000-02403000 ---p 00000000 00:00 0 
02403000-02500000 rw-p 00000000 00:00 0 
02500000-02503000 ---p 00000000 00:00 0 
02503000-02600000 rw-p 00000000 00:00 0 
02600000-02603000 ---p 00000000 00:00 0 
02603000-02700000 rw-p 00000000 00:00 0 
02700000-0278c000 rw-p 00000000 00:00 0 
0278c000-02800000 ---p 00000000 00:00 0 
02800000-02803000 ---p 00000000 00:00 0 
02803000-02900000 rw-p 00000000 00:00 0 
02900000-02903000 ---p 00000000 00:00 0 
02903000-02a00000 rw-p 00000000 00:00 0 
02a00000-02a03000 ---p 00000000 00:00 0 
02a03000-02b00000 rw-p 00000000 00:00 0 
02b00000-02b03000 ---p 00000000 00:00 0 
02b03000-02c00000 rw-p 00000000 00:00 0 
02c00000-02c03000 ---p 00000000 00:00 0 
02c03000-02d00000 rw-p 00000000 00:00 0 
02d00000-02d03000 ---p 00000000 00:00 0 
02d03000-02e00000 rw-p 00000000 00:00 0 
02e00000-02e03000 ---p 00000000 00:00 0 
02e03000-02f00000 rw-p 00000000 00:00 0 
02f00000-02f03000 ---p 00000000 00:00 0 
02f03000-03000000 rw-p 00000000 00:00 0 
03000000-03003000 ---p 00000000 00:00 0 
03003000-03100000 rw-p 00000000 00:00 0 
03100000-03103000 ---p 00000000 00:00 0 
03103000-03200000 rw-p 00000000 00:00 0 
03200000-03203000 ---p 00000000 00:00 0 
03203000-03300000 rw-p 00000000 00:00 0 
03300000-03303000 ---p 00000000 00:00 0 
03303000-03400000 rw-p 00000000 00:00 0 
03400000-03403000 ---p 00000000 00:00 0 
03403000-03500000 rw-p 00000000 00:00 0 
03500000-03503000 ---p 00000000 00:00 0 
03503000-03600000 rw-p 00000000 00:00 0 
03600000-03603000 ---p 00000000 00:00 0 
03603000-03700000 rw-p 00000000 00:00 0 
03700000-03703000 ---p 00000000 00:00 0 
03703000-03800000 rw-p 00000000 00:00 0 
03800000-03803000 ---p 00000000 00:00 0 
03803000-03900000 rw-p 00000000 00:00 0 
03900000-03903000 ---p 00000000 00:00 0 
03903000-03a00000 rw-p 00000000 00:00 0 
03a00000-03a03000 ---p 00000000 00:00 0 
03a03000-03b00000 rw-p 00000000 00:00 0 
03b00000-03b03000 ---p 00000000 00:00 0 
03b03000-03c00000 rw-p 00000000 00:00 0 
03c00000-03c03000 ---p 00000000 00:00 0 
03c03000-03d00000 rw-p 00000000 00:00 0 
03d00000-03d03000 ---p 00000000 00:00 0 
03d03000-03e00000 rw-p 00000000 00:00 0 
03e00000-03e03000 ---p 00000000 00:00 0 
03e03000-03f00000 rw-p 00000000 00:00 0 
03f00000-03f03000 ---p 00000000 00:00 0 
03f03000-04000000 rw-p 00000000 00:00 0 
04000000-04003000 ---p 00000000 00:00 0 
04003000-04100000 rw-p 00000000 00:00 0 
04100000-04103000 ---p 00000000 00:00 0 
04103000-04200000 rw-p 00000000 00:00 0 
04200000-04203000 ---p 00000000 00:00 0 
04203000-04300000 rw-p 00000000 00:00 0 
04300000-04303000 ---p 00000000 00:00 0 
04303000-04400000 rw-p 00000000 00:00 0 
04400000-04403000 ---p 00000000 00:00 0 
04403000-04500000 rw-p 00000000 00:00 0 
04500000-04503000 ---p 00000000 00:00 0 
04503000-04600000 rw-p 00000000 00:00 0 
04600000-04603000 ---p 00000000 00:00 0 
04603000-04700000 rw-p 00000000 00:00 0 
04700000-04703000 ---p 00000000 00:00 0 
04703000-04800000 rw-p 00000000 00:00 0 
04800000-04803000 ---p 00000000 00:00 0 
04803000-04900000 rw-p 00000000 00:00 0 
04900000-04903000 ---p 00000000 00:00 0 
04903000-04a00000 rw-p 00000000 00:00 0 
04a00000-04a03000 ---p 00000000 00:00 0 
04a03000-04b00000 rw-p 00000000 00:00 0 
04b00000-04b03000 ---p 00000000 00:00 0 
04b03000-04c00000 rw-p 00000000 00:00 0 
04c00000-04c03000 ---p 00000000 00:00 0 
04c03000-04d00000 rw-p 00000000 00:00 0 
04d00000-04d03000 ---p 00000000 00:00 0 
04d03000-04e00000 rw-p 00000000 00:00 0 
04e00000-04e03000 ---p 00000000 00:00 0 
04e03000-04f00000 rw-p 00000000 00:00 0 
04f00000-04f03000 ---p 00000000 00:00 0 
04f03000-05000000 rw-p 00000000 00:00 0 
05000000-05003000 ---p 00000000 00:00 0 
05003000-05100000 rw-p 00000000 00:00 0 
05100000-05103000 ---p 00000000 00:00 0 
05103000-05200000 rw-p 00000000 00:00 0 
05200000-05203000 ---p 00000000 00:00 0 
05203000-05300000 rw-p 00000000 00:00 0 
05300000-05303000 ---p 00000000 00:00 0 
05303000-05400000 rw-p 00000000 00:00 0 
05400000-05403000 ---p 00000000 00:00 0 
05403000-05500000 rw-p 00000000 00:00 0 
05500000-05503000 ---p 00000000 00:00 0 
05503000-05600000 rw-p 00000000 00:00 0 
05600000-05603000 ---p 00000000 00:00 0 
05603000-05700000 rw-p 00000000 00:00 0 
05700000-05703000 ---p 00000000 00:00 0 
05703000-05800000 rw-p 00000000 00:00 0 
05800000-05803000 ---p 00000000 00:00 0 
05803000-05900000 rw-p 00000000 00:00 0 
05900000-05903000 ---p 00000000 00:00 0 
05903000-05a00000 rw-p 00000000 00:00 0 
05a00000-05a03000 ---p 00000000 00:00 0 
05a03000-05b00000 rw-p 00000000 00:00 0 
05b00000-05b03000 ---p 00000000 00:00 0 
05b03000-05c00000 rw-p 00000000 00:00 0 
05c00000-05c03000 ---p 00000000 00:00 0 
05c03000-05d00000 rw-p 00000000 00:00 0 
05d00000-05d03000 ---p 00000000 00:00 0 
05d03000-05e00000 rw-p 00000000 00:00 0 
05e00000-05e03000 ---p 00000000 00:00 0 
05e03000-05f00000 rw-p 00000000 00:00 0 
05f00000-05f03000 ---p 00000000 00:00 0 
05f03000-06000000 rw-p 00000000 00:00 0 
06000000-06003000 ---p 00000000 00:00 0 
06003000-06100000 rw-p 00000000 00:00 0 
06100000-06103000 ---p 00000000 00:00 0 
06103000-06200000 rw-p 00000000 00:00 0 
06200000-06203000 ---p 00000000 00:00 0 
06203000-06300000 rw-p 00000000 00:00 0 
06300000-06303000 ---p 00000000 00:00 0 
06303000-06400000 rw-p 00000000 00:00 0 
06400000-06403000 ---p 00000000 00:00 0 
06403000-06500000 rw-p 00000000 00:00 0 
06500000-06503000 ---p 00000000 00:00 0 
06503000-06600000 rw-p 00000000 00:00 0 
06600000-06603000 ---p 00000000 00:00 0 
06603000-06700000 rw-p 00000000 00:00 0 
06700000-06703000 ---p 00000000 00:00 0 
06703000-06800000 rw-p 00000000 00:00 0 
06800000-06803000 ---p 00000000 00:00 0 
06803000-06900000 rw-p 00000000 00:00 0 
06900000-06903000 ---p 00000000 00:00 0 
06903000-06a00000 rw-p 00000000 00:00 0 
06a00000-06a03000 ---p 00000000 00:00 0 
06a03000-06b00000 rw-p 00000000 00:00 0 
06b00000-06b03000 ---p 00000000 00:00 0 
06b03000-06c00000 rw-p 00000000 00:00 0 
06c00000-06c03000 ---p 00000000 00:00 0 
06c03000-06d00000 rw-p 00000000 00:00 0 
06d00000-06d03000 ---p 00000000 00:00 0 
06d03000-06e00000 rw-p 00000000 00:00 0 
06e00000-06e03000 ---p 00000000 00:00 0 
06e03000-06f00000 rw-p 00000000 00:00 0 
06f00000-06f03000 ---p 00000000 00:00 0 
06f03000-07000000 rw-p 00000000 00:00 0 
07000000-07003000 ---p 00000000 00:00 0 
07003000-07100000 rw-p 00000000 00:00 0 
07100000-07103000 ---p 00000000 00:00 0 
07103000-07200000 rw-p 00000000 00:00 0 
07200000-07203000 ---p 00000000 00:00 0 
07203000-07300000 rw-p 00000000 00:00 0 
07300000-07303000 ---p 00000000 00:00 0 
07303000-07400000 rw-p 00000000 00:00 0 
07400000-07403000 ---p 00000000 00:00 0 
07403000-07500000 rw-p 00000000 00:00 0 
07500000-07503000 ---p 00000000 00:00 0 
07503000-07600000 rw-p 00000000 00:00 0 
07600000-07603000 ---p 00000000 00:00 0 
07603000-07700000 rw-p 00000000 00:00 0 
07700000-07703000 ---p 00000000 00:00 0 
07703000-07800000 rw-p 00000000 00:00 0 
07800000-07803000 ---p 00000000 00:00 0 
07803000-07900000 rw-p 00000000 00:00 0 
07900000-07903000 ---p 00000000 00:00 0 
07903000-07a00000 rw-p 00000000 00:00 0 
07a00000-07a03000 ---p 00000000 00:00 0 
07a03000-07b00000 rw-p 00000000 00:00 0 
07b00000-07b03000 ---p 00000000 00:00 0 
07b03000-07c00000 rw-p 00000000 00:00 0 
07c00000-07c03000 ---p 00000000 00:00 0 
07c03000-07d00000 rw-p 00000000 00:00 0 
07d00000-07d03000 ---p 00000000 00:00 0 
07d03000-07e00000 rw-p 00000000 00:00 0 
07e00000-07e03000 ---p 00000000 00:00 0 
07e03000-07f00000 rw-p 00000000 00:00 0 
07f00000-07f03000 ---p 00000000 00:00 0 
07f03000-08000000 rw-p 00000000 00:00 0 
08000000-08003000 ---p 00000000 00:00 0 
08003000-08100000 rw-p 00000000 00:00 0 
08100000-08103000 ---p 00000000 00:00 0 
08103000-08200000 rw-p 00000000 00:00 0 
08200000-08203000 ---p 00000000 00:00 0 
08203000-08300000 rw-p 00000000 00:00 0 
08300000-08303000 ---p 00000000 00:00 0 
08303000-08400000 rw-p 00000000 00:00 0 
08400000-08403000 ---p 00000000 00:00 0 
08403000-08500000 rw-p 00000000 00:00 0 
08500000-08503000 ---p 00000000 00:00 0 
08503000-08600000 rw-p 00000000 00:00 0 
08600000-08603000 ---p 00000000 00:00 0 
08603000-08700000 rw-p 00000000 00:00 0 
08700000-08703000 ---p 00000000 00:00 0 
08703000-08800000 rw-p 00000000 00:00 0 
08800000-08803000 ---p 00000000 00:00 0 
08803000-08900000 rw-p 00000000 00:00 0 
08900000-08903000 ---p 00000000 00:00 0 
08903000-08a00000 rw-p 00000000 00:00 0 
08a00000-08a03000 ---p 00000000 00:00 0 
08a03000-08b00000 rw-p 00000000 00:00 0 
08b00000-08b03000 ---p 00000000 00:00 0 
08b03000-08c00000 rw-p 00000000 00:00 0 
08c00000-08c03000 ---p 00000000 00:00 0 
08c03000-08d00000 rw-p 00000000 00:00 0 
08d00000-08d03000 ---p 00000000 00:00 0 
08d03000-08e00000 rw-p 00000000 00:00 0 
08e00000-08e03000 ---p 00000000 00:00 0 
08e03000-08f00000 rw-p 00000000 00:00 0 
08f00000-08f03000 ---p 00000000 00:00 0 
08f03000-09000000 rw-p 00000000 00:00 0 
09000000-09003000 ---p 00000000 00:00 0 
09003000-09100000 rw-p 00000000 00:00 0 
09100000-09103000 ---p 00000000 00:00 0 
09103000-09200000 rw-p 00000000 00:00 0 
09200000-09203000 ---p 00000000 00:00 0 
09203000-09300000 rw-p 00000000 00:00 0 
09300000-09303000 ---p 00000000 00:00 0 
09303000-09400000 rw-p 00000000 00:00 0 
09400000-09403000 ---p 00000000 00:00 0 
09403000-09500000 rw-p 00000000 00:00 0 
09500000-09503000 ---p 00000000 00:00 0 
09503000-09600000 rw-p 00000000 00:00 0 
09600000-09603000 ---p 00000000 00:00 0 
09603000-09700000 rw-p 00000000 00:00 0 
09700000-09703000 ---p 00000000 00:00 0 
09703000-09800000 rw-p 00000000 00:00 0 
09800000-09803000 ---p 00000000 00:00 0 
09803000-09900000 rw-p 00000000 00:00 0 
09900000-09903000 ---p 00000000 00:00 0 
09903000-09a00000 rw-p 00000000 00:00 0 
09a00000-09a03000 ---p 00000000 00:00 0 
09a03000-09b00000 rw-p 00000000 00:00 0 
09b00000-09b03000 ---p 00000000 00:00 0 
09b03000-09c00000 rw-p 00000000 00:00 0 
09c00000-09c03000 ---p 00000000 00:00 0 
09c03000-09d00000 rw-p 00000000 00:00 0 
09d00000-09d03000 ---p 00000000 00:00 0 
09d03000-09e00000 rw-p 00000000 00:00 0 
09e00000-09e03000 ---p 00000000 00:00 0 
09e03000-09f00000 rw-p 00000000 00:00 0 
09f00000-09f03000 ---p 00000000 00:00 0 
09f03000-0a000000 rw-p 00000000 00:00 0 
0a000000-0a003000 ---p 00000000 00:00 0 
0a003000-0a100000 rw-p 00000000 00:00 0 
0a100000-0a103000 ---p 00000000 00:00 0 
0a103000-0a200000 rw-p 00000000 00:00 0 
0a200000-0a203000 ---p 00000000 00:00 0 
0a203000-0a300000 rw-p 00000000 00:00 0 
0a300000-0a303000 ---p 00000000 00:00 0 
0a303000-0a400000 rw-p 00000000 00:00 0 
0a400000-0a403000 ---p 00000000 00:00 0 
0a403000-0a500000 rw-p 00000000 00:00 0 
0a500000-0a503000 ---p 00000000 00:00 0 
0a503000-0a600000 rw-p 00000000 00:00 0 
0a600000-0a603000 ---p 00000000 00:00 0 
0a603000-0a700000 rw-p 00000000 00:00 0 
0a700000-0a703000 ---p 00000000 00:00 0 
0a703000-0a800000 rw-p 00000000 00:00 0 
0a800000-0a803000 ---p 00000000 00:00 0 
0a803000-0a900000 rw-p 00000000 00:00 0 
0a900000-0a903000 ---p 00000000 00:00 0 
0a903000-0aa00000 rw-p 00000000 00:00 0 
0aa00000-0aa03000 ---p 00000000 00:00 0 
0aa03000-0ab00000 rw-p 00000000 00:00 0 
0ab00000-0ab03000 ---p 00000000 00:00 0 
0ab03000-0ac00000 rw-p 00000000 00:00 0 
0ac00000-0ac03000 ---p 00000000 00:00 0 
0ac03000-0ad00000 rw-p 00000000 00:00 0 
0ad00000-0ad03000 ---p 00000000 00:00 0 
0ad03000-0ae00000 rw-p 00000000 00:00 0 
0ae00000-0ae03000 ---p 00000000 00:00 0 
0ae03000-0af00000 rw-p 00000000 00:00 0 
0af00000-0af03000 ---p 00000000 00:00 0 
0af03000-0b000000 rw-p 00000000 00:00 0 
0b000000-0b003000 ---p 00000000 00:00 0 
0b003000-0b100000 rw-p 00000000 00:00 0 
0b100000-0b103000 ---p 00000000 00:00 0 
0b103000-0b200000 rw-p 00000000 00:00 0 
0b200000-0b203000 ---p 00000000 00:00 0 
0b203000-0b300000 rw-p 00000000 00:00 0 
0b300000-0b303000 ---p 00000000 00:00 0 
0b303000-0b400000 rw-p 00000000 00:00 0 
0b400000-0b403000 ---p 00000000 00:00 0 
0b403000-0b500000 rw-p 00000000 00:00 0 
0b500000-0b503000 ---p 00000000 00:00 0 
0b503000-0b600000 rw-p 00000000 00:00 0 
0b600000-0b603000 ---p 00000000 00:00 0 
0b603000-0b700000 rw-p 00000000 00:00 0 
0b700000-0b703000 ---p 00000000 00:00 0 
0b703000-0b800000 rw-p 00000000 00:00 0 
0b800000-0b803000 ---p 00000000 00:00 0 
0b803000-0b900000 rw-p 00000000 00:00 0 
0b900000-0b903000 ---p 00000000 00:00 0 
0b903000-0ba00000 rw-p 00000000 00:00 0 
0ba00000-0ba03000 ---p 00000000 00:00 0 
0ba03000-0bb00000 rw-p 00000000 00:00 0 
0bb00000-0bb03000 ---p 00000000 00:00 0 
0bb03000-0bc00000 rw-p 00000000 00:00 0 
0bc00000-0bc03000 ---p 00000000 00:00 0 
0bc03000-0bd00000 rw-p 00000000 00:00 0 
0bd00000-0bd03000 ---p 00000000 00:00 0 
0bd03000-0be00000 rw-p 00000000 00:00 0 
0be00000-0be03000 ---p 00000000 00:00 0 
0be03000-0bf00000 rw-p 00000000 00:00 0 
0bf00000-0bf03000 ---p 00000000 00:00 0 
0bf03000-0c000000 rw-p 00000000 00:00 0 
0c000000-0c003000 ---p 00000000 00:00 0 
0c003000-0c100000 rw-p 00000000 00:00 0 
0c100000-0c103000 ---p 00000000 00:00 0 
0c103000-0c200000 rw-p 00000000 00:00 0 
0c200000-0c203000 ---p 00000000 00:00 0 
0c203000-0c300000 rw-p 00000000 00:00 0 
0c300000-0c303000 ---p 00000000 00:00 0 
0c303000-0c400000 rw-p 00000000 00:00 0 
0c400000-0c403000 ---p 00000000 00:00 0 
0c403000-0c500000 rw-p 00000000 00:00 0 
0c500000-0c503000 ---p 00000000 00:00 0 
0c503000-0c600000 rw-p 00000000 00:00 0 
0c600000-0c603000 ---p 00000000 00:00 0 
0c603000-0c700000 rw-p 00000000 00:00 0 
0c700000-0c703000 ---p 00000000 00:00 0 
0c703000-0c800000 rw-p 00000000 00:00 0 
0c800000-0c803000 ---p 00000000 00:00 0 
0c803000-0c900000 rw-p 00000000 00:00 0 
0c900000-0c903000 ---p 00000000 00:00 0 
0c903000-0ca00000 rw-p 00000000 00:00 0 
0ca00000-0ca03000 ---p 00000000 00:00 0 
0ca03000-0cb00000 rw-p 00000000 00:00 0 
0cb00000-0cb03000 ---p 00000000 00:00 0 
0cb03000-0cc00000 rw-p 00000000 00:00 0 
0cc00000-0cc03000 ---p 00000000 00:00 0 
0cc03000-0cd00000 rw-p 00000000 00:00 0 
0cd00000-0cd03000 ---p 00000000 00:00 0 
0cd03000-0ce00000 rw-p 00000000 00:00 0 
0ce00000-0ce03000 ---p 00000000 00:00 0 
0ce03000-0cf00000 rw-p 00000000 00:00 0 
0cf00000-0cf03000 ---p 00000000 00:00 0 
0cf03000-0d000000 rw-p 00000000 00:00 0 
0d000000-0d003000 ---p 00000000 00:00 0 
0d003000-0d100000 rw-p 00000000 00:00 0 
0d100000-0d103000 ---p 00000000 00:00 0 
0d103000-0d200000 rw-p 00000000 00:00 0 
0d200000-0d203000 ---p 00000000 00:00 0 
0d203000-0d300000 rw-p 00000000 00:00 0 
0d300000-0d303000 ---p 00000000 00:00 0 
0d303000-0d400000 rw-p 00000000 00:00 0 
0d400000-0d403000 ---p 00000000 00:00 0 
0d403000-0d500000 rw-p 00000000 00:00 0 
0d500000-0d503000 ---p 00000000 00:00 0 
0d503000-0d600000 rw-p 00000000 00:00 0 
0d600000-0d603000 ---p 00000000 00:00 0 
0d603000-0d700000 rw-p 00000000 00:00 0 
0d700000-0d703000 ---p 00000000 00:00 0 
0d703000-0d800000 rw-p 00000000 00:00 0 
0d800000-0d803000 ---p 00000000 00:00 0 
0d803000-0d900000 rw-p 00000000 00:00 0 
0d900000-0d903000 ---p 00000000 00:00 0 
0d903000-0da00000 rw-p 00000000 00:00 0 
0da00000-0da03000 ---p 00000000 00:00 0 
0da03000-0db00000 rw-p 00000000 00:00 0 
0db00000-0db03000 ---p 00000000 00:00 0 
0db03000-0dc00000 rw-p 00000000 00:00 0 
0dc00000-0dc03000 ---p 00000000 00:00 0 
0dc03000-0dd00000 rw-p 00000000 00:00 0 
0dd00000-0dd03000 ---p 00000000 00:00 0 
0dd03000-0de00000 rw-p 00000000 00:00 0 
0de00000-0de03000 ---p 00000000 00:00 0 
0de03000-0df00000 rw-p 00000000 00:00 0 
0df00000-0df03000 ---p 00000000 00:00 0 
0df03000-0e000000 rw-p 00000000 00:00 0 
0e000000-0e003000 ---p 00000000 00:00 0 
0e003000-0e100000 rw-p 00000000 00:00 0 
0e100000-0e103000 ---p 00000000 00:00 0 
0e103000-0e200000 rw-p 00000000 00:00 0 
0e200000-0e203000 ---p 00000000 00:00 0 
0e203000-0e300000 rw-p 00000000 00:00 0 
0e300000-0e303000 ---p 00000000 00:00 0 
0e303000-0e400000 rw-p 00000000 00:00 0 
0e400000-0e403000 ---p 00000000 00:00 0 
0e403000-0e500000 rw-p 00000000 00:00 0 
0e500000-0e503000 ---p 00000000 00:00 0 
0e503000-0e600000 rw-p 00000000 00:00 0 
0e600000-0e603000 ---p 00000000 00:00 0 
0e603000-0e700000 rw-p 00000000 00:00 0 
0e700000-0e703000 ---p 00000000 00:00 0 
0e703000-0e800000 rw-p 00000000 00:00 0 
0e800000-0e803000 ---p 00000000 00:00 0 
0e803000-0e900000 rw-p 00000000 00:00 0 
0e900000-0e903000 ---p 00000000 00:00 0 
0e903000-0ea00000 rw-p 00000000 00:00 0 
0ea00000-0ea03000 ---p 00000000 00:00 0 
0ea03000-0eb00000 rw-p 00000000 00:00 0 
0eb00000-0eb03000 ---p 00000000 00:00 0 
0eb03000-0ec00000 rw-p 00000000 00:00 0 
0ec00000-0ec03000 ---p 00000000 00:00 0 
0ec03000-0ed00000 rw-p 00000000 00:00 0 
0ed00000-0ed03000 ---p 00000000 00:00 0 
0ed03000-0ee00000 rw-p 00000000 00:00 0 
0ee00000-0ee03000 ---p 00000000 00:00 0 
0ee03000-0ef00000 rw-p 00000000 00:00 0 
0ef00000-0ef03000 ---p 00000000 00:00 0 
0ef03000-0f000000 rw-p 00000000 00:00 0 
0f000000-0f003000 ---p 00000000 00:00 0 
0f003000-0f100000 rw-p 00000000 00:00 0 
0f100000-0f103000 ---p 00000000 00:00 0 
0f103000-0f200000 rw-p 00000000 00:00 0 
0f200000-0f203000 ---p 00000000 00:00 0 
0f203000-0f300000 rw-p 00000000 00:00 0 
0f300000-0f303000 ---p 00000000 00:00 0 
0f303000-0f400000 rw-p 00000000 00:00 0 
0f400000-0f403000 ---p 00000000 00:00 0 
0f403000-0f500000 rw-p 00000000 00:00 0 
0f500000-0f503000 ---p 00000000 00:00 0 
0f503000-0f600000 rw-p 00000000 00:00 0 
0f600000-0f603000 ---p 00000000 00:00 0 
0f603000-0f700000 rw-p 00000000 00:00 0 
0f700000-0f703000 ---p 00000000 00:00 0 
0f703000-0f800000 rw-p 00000000 00:00 0 
0f800000-0f803000 ---p 00000000 00:00 0 
0f803000-0f900000 rw-p 00000000 00:00 0 
0f900000-0f903000 ---p 00000000 00:00 0 
0f903000-0fa00000 rw-p 00000000 00:00 0 
0fa00000-0fa03000 ---p 00000000 00:00 0 
0fa03000-0fb00000 rw-p 00000000 00:00 0 
0fb00000-0fb03000 ---p 00000000 00:00 0 
0fb03000-0fc00000 rw-p 00000000 00:00 0 
0fc00000-0fc03000 ---p 00000000 00:00 0 
0fc03000-0fd00000 rw-p 00000000 00:00 0 
0fd00000-0fd03000 ---p 00000000 00:00 0 
0fd03000-0fe00000 rw-p 00000000 00:00 0 
0fe00000-0fe03000 ---p 00000000 00:00 0 
0fe03000-0ff00000 rw-p 00000000 00:00 0 
0ff00000-0ff03000 ---p 00000000 00:00 0 
0ff03000-10000000 rw-p 00000000 00:00 0 
10000000-10003000 ---p 00000000 00:00 0 
10003000-10100000 rw-p 00000000 00:00 0 
10100000-10103000 ---p 00000000 00:00 0 
10103000-10200000 rw-p 00000000 00:00 0 
10200000-10203000 ---p 00000000 00:00 0 
10203000-10300000 rw-p 00000000 00:00 0 
10300000-10303000 ---p 00000000 00:00 0 
10303000-10400000 rw-p 00000000 00:00 0 
10400000-10403000 ---p 00000000 00:00 0 
10403000-10500000 rw-p 00000000 00:00 0 
10500000-10503000 ---p 00000000 00:00 0 
10503000-10600000 rw-p 00000000 00:00 0 
10600000-10603000 ---p 00000000 00:00 0 
10603000-10700000 rw-p 00000000 00:00 0 
10700000-10703000 ---p 00000000 00:00 0 
10703000-10800000 rw-p 00000000 00:00 0 
10800000-10803000 ---p 00000000 00:00 0 
10803000-10900000 rw-p 00000000 00:00 0 
10900000-10903000 ---p 00000000 00:00 0 
10903000-10a00000 rw-p 00000000 00:00 0 
10a00000-10a03000 ---p 00000000 00:00 0 
10a03000-10b00000 rw-p 00000000 00:00 0 
10b00000-10b03000 ---p 00000000 00:00 0 
10b03000-10c00000 rw-p 00000000 00:00 0 
10c00000-10c03000 ---p 00000000 00:00 0 
10c03000-10d00000 rw-p 00000000 00:00 0 
10d00000-10d03000 ---p 00000000 00:00 0 
10d03000-10e00000 rw-p 00000000 00:00 0 
10e00000-10e03000 ---p 00000000 00:00 0 
10e03000-10f00000 rw-p 00000000 00:00 0 
10f00000-10f03000 ---p 00000000 00:00 0 
10f03000-11000000 rw-p 00000000 00:00 0 
11000000-11003000 ---p 00000000 00:00 0 
11003000-11100000 rw-p 00000000 00:00 0 
11100000-11103000 ---p 00000000 00:00 0 
11103000-11200000 rw-p 00000000 00:00 0 
11200000-11203000 ---p 00000000 00:00 0 
11203000-11300000 rw-p 00000000 00:00 0 
11300000-11303000 ---p 00000000 00:00 0 
11303000-11400000 rw-p 00000000 00:00 0 
11400000-11403000 ---p 00000000 00:00 0 
11403000-11500000 rw-p 00000000 00:00 0 
11500000-11503000 ---p 00000000 00:00 0 
11503000-11600000 rw-p 00000000 00:00 0 
11600000-11603000 ---p 00000000 00:00 0 
11603000-11700000 rw-p 00000000 00:00 0 
11700000-11703000 ---p 00000000 00:00 0 
11703000-11800000 rw-p 00000000 00:00 0 
11800000-11803000 ---p 00000000 00:00 0 
11803000-11900000 rw-p 00000000 00:00 0 
11900000-11903000 ---p 00000000 00:00 0 
11903000-11a00000 rw-p 00000000 00:00 0 
11a00000-11a03000 ---p 00000000 00:00 0 
11a03000-11b00000 rw-p 00000000 00:00 0 
11b00000-11b03000 ---p 00000000 00:00 0 
11b03000-11c00000 rw-p 00000000 00:00 0 
11c00000-11c03000 ---p 00000000 00:00 0 
11c03000-11d00000 rw-p 00000000 00:00 0 
11d00000-11d03000 ---p 00000000 00:00 0 
11d03000-11e00000 rw-p 00000000 00:00 0 
11e00000-11e03000 ---p 00000000 00:00 0 
11e03000-11f00000 rw-p 00000000 00:00 0 
11f00000-11f03000 ---p 00000000 00:00 0 
11f03000-12000000 rw-p 00000000 00:00 0 
12000000-12003000 ---p 00000000 00:00 0 
12003000-12100000 rw-p 00000000 00:00 0 
12100000-12103000 ---p 00000000 00:00 0 
12103000-12200000 rw-p 00000000 00:00 0 
12200000-12203000 ---p 00000000 00:00 0 
12203000-12300000 rw-p 00000000 00:00 0 
12300000-12303000 ---p 00000000 00:00 0 
12303000-12400000 rw-p 00000000 00:00 0 
12400000-12403000 ---p 00000000 00:00 0 
12403000-12500000 rw-p 00000000 00:00 0 
12500000-12503000 ---p 00000000 00:00 0 
12503000-12600000 rw-p 00000000 00:00 0 
12600000-12603000 ---p 00000000 00:00 0 
12603000-12700000 rw-p 00000000 00:00 0 
12700000-12703000 ---p 00000000 00:00 0 
12703000-12800000 rw-p 00000000 00:00 0 
12800000-12803000 ---p 00000000 00:00 0 
12803000-12900000 rw-p 00000000 00:00 0 
12900000-12903000 ---p 00000000 00:00 0 
12903000-12a00000 rw-p 00000000 00:00 0 
12a00000-12a03000 ---p 00000000 00:00 0 
12a03000-12b00000 rw-p 00000000 00:00 0 
12b00000-12b03000 ---p 00000000 00:00 0 
12b03000-12c00000 rw-p 00000000 00:00 0 
12c00000-12c03000 ---p 00000000 00:00 0 
12c03000-12d00000 rw-p 00000000 00:00 0 
12d00000-12d03000 ---p 00000000 00:00 0 
12d03000-12e00000 rw-p 00000000 00:00 0 
12e00000-12e03000 ---p 00000000 00:00 0 
12e03000-12f00000 rw-p 00000000 00:00 0 
12f00000-12f03000 ---p 00000000 00:00 0 
12f03000-13000000 rw-p 00000000 00:00 0 
13000000-13003000 ---p 00000000 00:00 0 
13003000-13100000 rw-p 00000000 00:00 0 
13100000-13103000 ---p 00000000 00:00 0 
13103000-13200000 rw-p 00000000 00:00 0 
13200000-13203000 ---p 00000000 00:00 0 
13203000-13300000 rw-p 00000000 00:00 0 
13300000-13303000 ---p 00000000 00:00 0 
13303000-13400000 rw-p 00000000 00:00 0 
13400000-13403000 ---p 00000000 00:00 0 
13403000-13500000 rw-p 00000000 00:00 0 
13500000-13503000 ---p 00000000 00:00 0 
13503000-13600000 rw-p 00000000 00:00 0 
13600000-13603000 ---p 00000000 00:00 0 
13603000-13700000 rw-p 00000000 00:00 0 
13700000-13703000 ---p 00000000 00:00 0 
13703000-13800000 rw-p 00000000 00:00 0 
13800000-13803000 ---p 00000000 00:00 0 
13803000-13900000 rw-p 00000000 00:00 0 
13900000-13903000 ---p 00000000 00:00 0 
13903000-13a00000 rw-p 00000000 00:00 0 
13a00000-13a03000 ---p 00000000 00:00 0 
13a03000-13b00000 rw-p 00000000 00:00 0 
13b00000-13b03000 ---p 00000000 00:00 0 
13b03000-13c00000 rw-p 00000000 00:00 0 
13c00000-13c03000 ---p 00000000 00:00 0 
13c03000-13d00000 rw-p 00000000 00:00 0 
13d00000-13d03000 ---p 00000000 00:00 0 
13d03000-13e00000 rw-p 00000000 00:00 0 
13e00000-13e03000 ---p 00000000 00:00 0 
13e03000-13f00000 rw-p 00000000 00:00 0 
13f00000-13f03000 ---p 00000000 00:00 0 
13f03000-14000000 rw-p 00000000 00:00 0 
14000000-14003000 ---p 00000000 00:00 0 
14003000-14100000 rw-p 00000000 00:00 0 
14100000-14103000 ---p 00000000 00:00 0 
14103000-14200000 rw-p 00000000 00:00 0 
14200000-14203000 ---p 00000000 00:00 0 
14203000-14300000 rw-p 00000000 00:00 0 
14300000-14303000 ---p 00000000 00:00 0 
14303000-14400000 rw-p 00000000 00:00 0 
14400000-14403000 ---p 00000000 00:00 0 
14403000-14500000 rw-p 00000000 00:00 0 
14500000-14503000 ---p 00000000 00:00 0 
14503000-14600000 rw-p 00000000 00:00 0 
14600000-14603000 ---p 00000000 00:00 0 
14603000-14700000 rw-p 00000000 00:00 0 
14700000-14703000 ---p 00000000 00:00 0 
14703000-14800000 rw-p 00000000 00:00 0 
14800000-14803000 ---p 00000000 00:00 0 
14803000-14900000 rw-p 00000000 00:00 0 
14900000-14903000 ---p 00000000 00:00 0 
14903000-14a00000 rw-p 00000000 00:00 0 
14a00000-14a03000 ---p 00000000 00:00 0 
14a03000-14b00000 rw-p 00000000 00:00 0 
14b00000-14b03000 ---p 00000000 00:00 0 
14b03000-14c00000 rw-p 00000000 00:00 0 
14c00000-14c03000 ---p 00000000 00:00 0 
14c03000-14d00000 rw-p 00000000 00:00 0 
14d00000-14d03000 ---p 00000000 00:00 0 
14d03000-14e00000 rw-p 00000000 00:00 0 
14e00000-14e03000 ---p 00000000 00:00 0 
14e03000-14f00000 rw-p 00000000 00:00 0 
14f00000-14f03000 ---p 00000000 00:00 0 
14f03000-15000000 rw-p 00000000 00:00 0 
15000000-15003000 ---p 00000000 00:00 0 
15003000-15100000 rw-p 00000000 00:00 0 
15100000-15103000 ---p 00000000 00:00 0 
15103000-15200000 rw-p 00000000 00:00 0 
15200000-15203000 ---p 00000000 00:00 0 
15203000-15300000 rw-p 00000000 00:00 0 
15300000-15303000 ---p 00000000 00:00 0 
15303000-15400000 rw-p 00000000 00:00 0 
15400000-15403000 ---p 00000000 00:00 0 
15403000-15500000 rw-p 00000000 00:00 0 
15500000-15503000 ---p 00000000 00:00 0 
15503000-15600000 rw-p 00000000 00:00 0 
15600000-15603000 ---p 00000000 00:00 0 
15603000-15700000 rw-p 00000000 00:00 0 
15700000-15703000 ---p 00000000 00:00 0 
15703000-15800000 rw-p 00000000 00:00 0 
15800000-15803000 ---p 00000000 00:00 0 
15803000-15900000 rw-p 00000000 00:00 0 
15900000-15903000 ---p 00000000 00:00 0 
15903000-15a00000 rw-p 00000000 00:00 0 
15a00000-15a03000 ---p 00000000 00:00 0 
15a03000-15b00000 rw-p 00000000 00:00 0 
15b00000-15b03000 ---p 00000000 00:00 0 
15b03000-15c00000 rw-p 00000000 00:00 0 
15c00000-15c03000 ---p 00000000 00:00 0 
15c03000-15d00000 rw-p 00000000 00:00 0 
15d00000-15d03000 ---p 00000000 00:00 0 
15d03000-15e00000 rw-p 00000000 00:00 0 
15e00000-15e03000 ---p 00000000 00:00 0 
15e03000-15f00000 rw-p 00000000 00:00 0 
15f00000-15f03000 ---p 00000000 00:00 0 
15f03000-16000000 rw-p 00000000 00:00 0 
16000000-16003000 ---p 00000000 00:00 0 
16003000-16100000 rw-p 00000000 00:00 0 
16100000-16103000 ---p 00000000 00:00 0 
16103000-16200000 rw-p 00000000 00:00 0 
16200000-16203000 ---p 00000000 00:00 0 
16203000-16300000 rw-p 00000000 00:00 0 
16300000-16303000 ---p 00000000 00:00 0 
16303000-16400000 rw-p 00000000 00:00 0 
16400000-16403000 ---p 00000000 00:00 0 
16403000-16500000 rw-p 00000000 00:00 0 
16500000-16503000 ---p 00000000 00:00 0 
16503000-16600000 rw-p 00000000 00:00 0 
16600000-16603000 ---p 00000000 00:00 0 
16603000-16700000 rw-p 00000000 00:00 0 
16700000-16703000 ---p 00000000 00:00 0 
16703000-16800000 rw-p 00000000 00:00 0 
16800000-16803000 ---p 00000000 00:00 0 
16803000-16900000 rw-p 00000000 00:00 0 
16900000-16903000 ---p 00000000 00:00 0 
16903000-16a00000 rw-p 00000000 00:00 0 
16a00000-16a03000 ---p 00000000 00:00 0 
16a03000-16b00000 rw-p 00000000 00:00 0 
16b00000-16b03000 ---p 00000000 00:00 0 
16b03000-16c00000 rw-p 00000000 00:00 0 
16c00000-16c03000 ---p 00000000 00:00 0 
16c03000-16d00000 rw-p 00000000 00:00 0 
16d00000-16d03000 ---p 00000000 00:00 0 
16d03000-16e00000 rw-p 00000000 00:00 0 
16e00000-16e03000 ---p 00000000 00:00 0 
16e03000-16f00000 rw-p 00000000 00:00 0 
16f00000-16f03000 ---p 00000000 00:00 0 
16f03000-17000000 rw-p 00000000 00:00 0 
17000000-17003000 ---p 00000000 00:00 0 
17003000-17100000 rw-p 00000000 00:00 0 
17100000-17103000 ---p 00000000 00:00 0 
17103000-17200000 rw-p 00000000 00:00 0 
17200000-17203000 ---p 00000000 00:00 0 
17203000-17300000 rw-p 00000000 00:00 0 
17300000-17303000 ---p 00000000 00:00 0 
17303000-17400000 rw-p 00000000 00:00 0 
17400000-17403000 ---p 00000000 00:00 0 
17403000-17500000 rw-p 00000000 00:00 0 
17500000-17503000 ---p 00000000 00:00 0 
17503000-17600000 rw-p 00000000 00:00 0 
17600000-17603000 ---p 00000000 00:00 0 
17603000-17700000 rw-p 00000000 00:00 0 
17700000-17703000 ---p 00000000 00:00 0 
17703000-17800000 rw-p 00000000 00:00 0 
17800000-17803000 ---p 00000000 00:00 0 
17803000-17900000 rw-p 00000000 00:00 0 
17900000-17a00000 rw-p 00000000 00:00 0 
17a00000-17a03000 ---p 00000000 00:00 0 
17a03000-17b00000 rw-p 00000000 00:00 0 
17b00000-17b03000 ---p 00000000 00:00 0 
17b03000-17c00000 rw-p 00000000 00:00 0 
17c00000-17c03000 ---p 00000000 00:00 0 
17c03000-17d00000 rw-p 00000000 00:00 0 
17d00000-17d03000 ---p 00000000 00:00 0 
17d03000-17e00000 rw-p 00000000 00:00 0 
17e00000-17e03000 ---p 00000000 00:00 0 
17e03000-17f00000 rw-p 00000000 00:00 0 
17f00000-17f03000 ---p 00000000 00:00 0 
17f03000-18000000 rw-p 00000000 00:00 0 
18000000-18003000 ---p 00000000 00:00 0 
18003000-18100000 rw-p 00000000 00:00 0 
18100000-18103000 ---p 00000000 00:00 0 
18103000-18200000 rw-p 00000000 00:00 0 
18200000-18203000 ---p 00000000 00:00 0 
18203000-18300000 rw-p 00000000 00:00 0 
18300000-18303000 ---p 00000000 00:00 0 
18303000-18400000 rw-p 00000000 00:00 0 
18400000-18403000 ---p 00000000 00:00 0 
18403000-18500000 rw-p 00000000 00:00 0 
18500000-18503000 ---p 00000000 00:00 0 
18503000-18600000 rw-p 00000000 00:00 0 
18600000-18603000 ---p 00000000 00:00 0 
18603000-18700000 rw-p 00000000 00:00 0 
18700000-18703000 ---p 00000000 00:00 0 
18703000-18800000 rw-p 00000000 00:00 0 
18800000-18803000 ---p 00000000 00:00 0 
18803000-18900000 rw-p 00000000 00:00 0 
18900000-18903000 ---p 00000000 00:00 0 
18903000-18a00000 rw-p 00000000 00:00 0 
18a00000-18a03000 ---p 00000000 00:00 0 
18a03000-18b00000 rw-p 00000000 00:00 0 
18b00000-18b03000 ---p 00000000 00:00 0 
18b03000-18c00000 rw-p 00000000 00:00 0 
18c00000-18c03000 ---p 00000000 00:00 0 
18c03000-18d00000 rw-p 00000000 00:00 0 
18d00000-18d03000 ---p 00000000 00:00 0 
18d03000-18e00000 rw-p 00000000 00:00 0 
18e00000-18e03000 ---p 00000000 00:00 0 
18e03000-18f00000 rw-p 00000000 00:00 0 
18f00000-18f03000 ---p 00000000 00:00 0 
18f03000-19000000 rw-p 00000000 00:00 0 
19000000-19003000 ---p 00000000 00:00 0 
19003000-19100000 rw-p 00000000 00:00 0 
19100000-19103000 ---p 00000000 00:00 0 
19103000-19200000 rw-p 00000000 00:00 0 
19200000-19203000 ---p 00000000 00:00 0 
19203000-19300000 rw-p 00000000 00:00 0 
19300000-19303000 ---p 00000000 00:00 0 
19303000-19400000 rw-p 00000000 00:00 0 
19400000-19403000 ---p 00000000 00:00 0 
19403000-19500000 rw-p 00000000 00:00 0 
19500000-19503000 ---p 00000000 00:00 0 
19503000-19600000 rw-p 00000000 00:00 0 
19600000-19603000 ---p 00000000 00:00 0 
19603000-19700000 rw-p 00000000 00:00 0 
19700000-19703000 ---p 00000000 00:00 0 
19703000-19800000 rw-p 00000000 00:00 0 
19800000-19803000 ---p 00000000 00:00 0 
19803000-19900000 rw-p 00000000 00:00 0 
19900000-19903000 ---p 00000000 00:00 0 
19903000-19a00000 rw-p 00000000 00:00 0 
19a00000-19a03000 ---p 00000000 00:00 0 
19a03000-19b00000 rw-p 00000000 00:00 0 
19b00000-19b03000 ---p 00000000 00:00 0 
19b03000-19c00000 rw-p 00000000 00:00 0 
19c00000-19c03000 ---p 00000000 00:00 0 
19c03000-19d00000 rw-p 00000000 00:00 0 
19d00000-19d03000 ---p 00000000 00:00 0 
19d03000-19e00000 rw-p 00000000 00:00 0 
19e00000-19e03000 ---p 00000000 00:00 0 
19e03000-19f00000 rw-p 00000000 00:00 0 
19f00000-19f03000 ---p 00000000 00:00 0 
19f03000-1a000000 rw-p 00000000 00:00 0 
1a000000-1a003000 ---p 00000000 00:00 0 
1a003000-1a100000 rw-p 00000000 00:00 0 
1a100000-1a103000 ---p 00000000 00:00 0 
1a103000-1a200000 rw-p 00000000 00:00 0 
1a200000-1a203000 ---p 00000000 00:00 0 
1a203000-1a300000 rw-p 00000000 00:00 0 
1a300000-1a303000 ---p 00000000 00:00 0 
1a303000-1a400000 rw-p 00000000 00:00 0 
1a400000-1a403000 ---p 00000000 00:00 0 
1a403000-1a500000 rw-p 00000000 00:00 0 
1a500000-1a503000 ---p 00000000 00:00 0 
1a503000-1a600000 rw-p 00000000 00:00 0 
1a600000-1a603000 ---p 00000000 00:00 0 
1a603000-1a700000 rw-p 00000000 00:00 0 
1a700000-1a703000 ---p 00000000 00:00 0 
1a703000-1a800000 rw-p 00000000 00:00 0 
1a800000-1a803000 ---p 00000000 00:00 0 
1a803000-1a900000 rw-p 00000000 00:00 0 
1a900000-1a903000 ---p 00000000 00:00 0 
1a903000-1aa00000 rw-p 00000000 00:00 0 
1aa00000-1aa03000 ---p 00000000 00:00 0 
1aa03000-1ab00000 rw-p 00000000 00:00 0 
1ab00000-1ab03000 ---p 00000000 00:00 0 
1ab03000-1ac00000 rw-p 00000000 00:00 0 
1ac00000-1ac03000 ---p 00000000 00:00 0 
1ac03000-1ad00000 rw-p 00000000 00:00 0 
1ad00000-1ad03000 ---p 00000000 00:00 0 
1ad03000-1ae00000 rw-p 00000000 00:00 0 
1ae00000-1ae03000 ---p 00000000 00:00 0 
1ae03000-1af00000 rw-p 00000000 00:00 0 
1af00000-1af03000 ---p 00000000 00:00 0 
1af03000-1b000000 rw-p 00000000 00:00 0 
1b000000-1b003000 ---p 00000000 00:00 0 
1b003000-1b100000 rw-p 00000000 00:00 0 
1b100000-1b103000 ---p 00000000 00:00 0 
1b103000-1b200000 rw-p 00000000 00:00 0 
1b200000-1b203000 ---p 00000000 00:00 0 
1b203000-1b300000 rw-p 00000000 00:00 0 
1b300000-1b303000 ---p 00000000 00:00 0 
1b303000-1b400000 rw-p 00000000 00:00 0 
1b400000-1b403000 ---p 00000000 00:00 0 
1b403000-1b500000 rw-p 00000000 00:00 0 
1b500000-1b503000 ---p 00000000 00:00 0 
1b503000-1b600000 rw-p 00000000 00:00 0 
1b600000-1b603000 ---p 00000000 00:00 0 
1b603000-1b700000 rw-p 00000000 00:00 0 
1b700000-1b703000 ---p 00000000 00:00 0 
1b703000-1b800000 rw-p 00000000 00:00 0 
1b800000-1b803000 ---p 00000000 00:00 0 
1b803000-1b900000 rw-p 00000000 00:00 0 
1b900000-1b903000 ---p 00000000 00:00 0 
1b903000-1ba00000 rw-p 00000000 00:00 0 
1ba00000-1ba03000 ---p 00000000 00:00 0 
1ba03000-1bb00000 rw-p 00000000 00:00 0 
1bb00000-1bb03000 ---p 00000000 00:00 0 
1bb03000-1bc00000 rw-p 00000000 00:00 0 
1bc00000-1bc03000 ---p 00000000 00:00 0 
1bc03000-1bd00000 rw-p 00000000 00:00 0 
1bd00000-1bd03000 ---p 00000000 00:00 0 
1bd03000-1be00000 rw-p 00000000 00:00 0 
1be00000-1be03000 ---p 00000000 00:00 0 
1be03000-1bf00000 rw-p 00000000 00:00 0 
1bf00000-1bf03000 ---p 00000000 00:00 0 
1bf03000-1c000000 rw-p 00000000 00:00 0 
1c000000-1c003000 ---p 00000000 00:00 0 
1c003000-1c100000 rw-p 00000000 00:00 0 
1c100000-1c103000 ---p 00000000 00:00 0 
1c103000-1c200000 rw-p 00000000 00:00 0 
1c200000-1c203000 ---p 00000000 00:00 0 
1c203000-1c300000 rw-p 00000000 00:00 0 
1c300000-1c303000 ---p 00000000 00:00 0 
1c303000-1c400000 rw-p 00000000 00:00 0 
1c400000-1c403000 ---p 00000000 00:00 0 
1c403000-1c500000 rw-p 00000000 00:00 0 
1c500000-1c503000 ---p 00000000 00:00 0 
1c503000-1c600000 rw-p 00000000 00:00 0 
1c600000-1c603000 ---p 00000000 00:00 0 
1c603000-1c700000 rw-p 00000000 00:00 0 
1c700000-1c703000 ---p 00000000 00:00 0 
1c703000-1c800000 rw-p 00000000 00:00 0 
1c800000-1c803000 ---p 00000000 00:00 0 
1c803000-1c900000 rw-p 00000000 00:00 0 
1c900000-1c903000 ---p 00000000 00:00 0 
1c903000-1ca00000 rw-p 00000000 00:00 0 
1ca00000-1ca03000 ---p 00000000 00:00 0 
1ca03000-1cb00000 rw-p 00000000 00:00 0 
1cb00000-1cb03000 ---p 00000000 00:00 0 
1cb03000-1cc00000 rw-p 00000000 00:00 0 
1cc00000-1cc03000 ---p 00000000 00:00 0 
1cc03000-1cd00000 rw-p 00000000 00:00 0 
1cd00000-1cd03000 ---p 00000000 00:00 0 
1cd03000-1ce00000 rw-p 00000000 00:00 0 
1ce00000-1ce03000 ---p 00000000 00:00 0 
1ce03000-1cf00000 rw-p 00000000 00:00 0 
1cf00000-1cf03000 ---p 00000000 00:00 0 
1cf03000-1d000000 rw-p 00000000 00:00 0 
1d000000-1d003000 ---p 00000000 00:00 0 
1d003000-1d100000 rw-p 00000000 00:00 0 
1d100000-1d103000 ---p 00000000 00:00 0 
1d103000-1d200000 rw-p 00000000 00:00 0 
1d200000-1d203000 ---p 00000000 00:00 0 
1d203000-1d300000 rw-p 00000000 00:00 0 
1d300000-1d303000 ---p 00000000 00:00 0 
1d303000-1d400000 rw-p 00000000 00:00 0 
1d400000-1d403000 ---p 00000000 00:00 0 
1d403000-1d500000 rw-p 00000000 00:00 0 
1d500000-1d503000 ---p 00000000 00:00 0 
1d503000-1d600000 rw-p 00000000 00:00 0 
1d600000-1d603000 ---p 00000000 00:00 0 
1d603000-1d700000 rw-p 00000000 00:00 0 
1d700000-1d703000 ---p 00000000 00:00 0 
1d703000-1d800000 rw-p 00000000 00:00 0 
1d800000-1d803000 ---p 00000000 00:00 0 
1d803000-1d900000 rw-p 00000000 00:00 0 
1d900000-1d903000 ---p 00000000 00:00 0 
1d903000-1da00000 rw-p 00000000 00:00 0 
1da00000-1da03000 ---p 00000000 00:00 0 
1da03000-1db00000 rw-p 00000000 00:00 0 
1db00000-1db03000 ---p 00000000 00:00 0 
1db03000-1dc00000 rw-p 00000000 00:00 0 
1dc00000-1dc03000 ---p 00000000 00:00 0 
1dc03000-1dd00000 rw-p 00000000 00:00 0 
1dd00000-1dd03000 ---p 00000000 00:00 0 
1dd03000-1de00000 rw-p 00000000 00:00 0 
1de00000-1de03000 ---p 00000000 00:00 0 
1de03000-1df00000 rw-p 00000000 00:00 0 
1df00000-1df03000 ---p 00000000 00:00 0 
1df03000-1e000000 rw-p 00000000 00:00 0 
1e000000-1e003000 ---p 00000000 00:00 0 
1e003000-1e100000 rw-p 00000000 00:00 0 
1e100000-1e103000 ---p 00000000 00:00 0 
1e103000-1e200000 rw-p 00000000 00:00 0 
1e200000-1e203000 ---p 00000000 00:00 0 
1e203000-1e300000 rw-p 00000000 00:00 0 
1e300000-1e303000 ---p 00000000 00:00 0 
1e303000-1e400000 rw-p 00000000 00:00 0 
1e400000-1e403000 ---p 00000000 00:00 0 
1e403000-1e500000 rw-p 00000000 00:00 0 
1e500000-1e503000 ---p 00000000 00:00 0 
1e503000-1e600000 rw-p 00000000 00:00 0 
1e600000-1e603000 ---p 00000000 00:00 0 
1e603000-1e700000 rw-p 00000000 00:00 0 
1e700000-1e703000 ---p 00000000 00:00 0 
1e703000-1e800000 rw-p 00000000 00:00 0 
1e800000-1e803000 ---p 00000000 00:00 0 
1e803000-1e900000 rw-p 00000000 00:00 0 
1e900000-1e903000 ---p 00000000 00:00 0 
1e903000-1ea00000 rw-p 00000000 00:00 0 
1ea00000-1ea03000 ---p 00000000 00:00 0 
1ea03000-1eb00000 rw-p 00000000 00:00 0 
1eb00000-1eb03000 ---p 00000000 00:00 0 
1eb03000-1ec00000 rw-p 00000000 00:00 0 
1ec00000-1ec03000 ---p 00000000 00:00 0 
1ec03000-1ed00000 rw-p 00000000 00:00 0 
1ed00000-1ed03000 ---p 00000000 00:00 0 
1ed03000-1ee00000 rw-p 00000000 00:00 0 
1ee00000-1ee03000 ---p 00000000 00:00 0 
1ee03000-1ef00000 rw-p 00000000 00:00 0 
1ef00000-1ef03000 ---p 00000000 00:00 0 
1ef03000-1f000000 rw-p 00000000 00:00 0 
1f000000-1f003000 ---p 00000000 00:00 0 
1f003000-1f100000 rw-p 00000000 00:00 0 
1f100000-1f103000 ---p 00000000 00:00 0 
1f103000-1f200000 rw-p 00000000 00:00 0 
1f200000-1f203000 ---p 00000000 00:00 0 
1f203000-1f300000 rw-p 00000000 00:00 0 
1f300000-1f303000 ---p 00000000 00:00 0 
1f303000-1f400000 rw-p 00000000 00:00 0 
1f400000-1f403000 ---p 00000000 00:00 0 
1f403000-1f500000 rw-p 00000000 00:00 0 
1f500000-1f503000 ---p 00000000 00:00 0 
1f503000-1f600000 rw-p 00000000 00:00 0 
1f600000-1f603000 ---p 00000000 00:00 0 
1f603000-1f700000 rw-p 00000000 00:00 0 
1f700000-1f703000 ---p 00000000 00:00 0 
1f703000-1f800000 rw-p 00000000 00:00 0 
1f800000-1f803000 ---p 00000000 00:00 0 
1f803000-1f900000 rw-p 00000000 00:00 0 
1f900000-1f903000 ---p 00000000 00:00 0 
1f903000-1fa00000 rw-p 00000000 00:00 0 
1fa00000-1fa03000 ---p 00000000 00:00 0 
1fa03000-1fb00000 rw-p 00000000 00:00 0 
1fb00000-1fb03000 ---p 00000000 00:00 0 
1fb03000-1fc00000 rw-p 00000000 00:00 0 
1fc00000-1fc03000 ---p 00000000 00:00 0 
1fc03000-1fd00000 rw-p 00000000 00:00 0 
1fd00000-1fd03000 ---p 00000000 00:00 0 
1fd03000-1fe00000 rw-p 00000000 00:00 0 
1fe00000-1fe03000 ---p 00000000 00:00 0 
1fe03000-1ff00000 rw-p 00000000 00:00 0 
1ff00000-1ff03000 ---p 00000000 00:00 0 
1ff03000-20000000 rw-p 00000000 00:00 0 
20000000-20003000 ---p 00000000 00:00 0 
20003000-20100000 rw-p 00000000 00:00 0 
20100000-20103000 ---p 00000000 00:00 0 
20103000-20200000 rw-p 00000000 00:00 0 
20200000-20203000 ---p 00000000 00:00 0 
20203000-20300000 rw-p 00000000 00:00 0 
20300000-20303000 ---p 00000000 00:00 0 
20303000-20400000 rw-p 00000000 00:00 0 
20400000-20403000 ---p 00000000 00:00 0 
20403000-20500000 rw-p 00000000 00:00 0 
20500000-20503000 ---p 00000000 00:00 0 
20503000-20600000 rw-p 00000000 00:00 0 
20600000-20603000 ---p 00000000 00:00 0 
20603000-20700000 rw-p 00000000 00:00 0 
20700000-20703000 ---p 00000000 00:00 0 
20703000-20800000 rw-p 00000000 00:00 0 
20800000-20803000 ---p 00000000 00:00 0 
20803000-20900000 rw-p 00000000 00:00 0 
20900000-20903000 ---p 00000000 00:00 0 
20903000-20a00000 rw-p 00000000 00:00 0 
20a00000-20a03000 ---p 00000000 00:00 0 
20a03000-20b00000 rw-p 00000000 00:00 0 
20b00000-20b03000 ---p 00000000 00:00 0 
20b03000-20c00000 rw-p 00000000 00:00 0 
20c00000-20c03000 ---p 00000000 00:00 0 
20c03000-20d00000 rw-p 00000000 00:00 0 
20d00000-20d03000 ---p 00000000 00:00 0 
20d03000-20e00000 rw-p 00000000 00:00 0 
20e00000-20e03000 ---p 00000000 00:00 0 
20e03000-20f00000 rw-p 00000000 00:00 0 
20f00000-20f03000 ---p 00000000 00:00 0 
20f03000-21000000 rw-p 00000000 00:00 0 
21000000-21003000 ---p 00000000 00:00 0 
21003000-21100000 rw-p 00000000 00:00 0 
21100000-21103000 ---p 00000000 00:00 0 
21103000-21200000 rw-p 00000000 00:00 0 
21200000-21203000 ---p 00000000 00:00 0 
21203000-21300000 rw-p 00000000 00:00 0 
21300000-21303000 ---p 00000000 00:00 0 
21303000-21400000 rw-p 00000000 00:00 0 
21400000-21403000 ---p 00000000 00:00 0 
21403000-21500000 rw-p 00000000 00:00 0 
21500000-21503000 ---p 00000000 00:00 0 
21503000-21600000 rw-p 00000000 00:00 0 
21600000-21603000 ---p 00000000 00:00 0 
21603000-21700000 rw-p 00000000 00:00 0 
21700000-21703000 ---p 00000000 00:00 0 
21703000-21800000 rw-p 00000000 00:00 0 
21800000-21803000 ---p 00000000 00:00 0 
21803000-21900000 rw-p 00000000 00:00 0 
21900000-21903000 ---p 00000000 00:00 0 
21903000-21a00000 rw-p 00000000 00:00 0 
21a00000-21a03000 ---p 00000000 00:00 0 
21a03000-21b00000 rw-p 00000000 00:00 0 
21b00000-21b03000 ---p 00000000 00:00 0 
21b03000-21c00000 rw-p 00000000 00:00 0 
21c00000-21c03000 ---p 00000000 00:00 0 
21c03000-21d00000 rw-p 00000000 00:00 0 
21d00000-21d03000 ---p 00000000 00:00 0 
21d03000-21e00000 rw-p 00000000 00:00 0 
21e00000-21e03000 ---p 00000000 00:00 0 
21e03000-21f00000 rw-p 00000000 00:00 0 
21f00000-21f03000 ---p 00000000 00:00 0 
21f03000-22000000 rw-p 00000000 00:00 0 
22000000-22003000 ---p 00000000 00:00 0 
22003000-22100000 rw-p 00000000 00:00 0 
22100000-22103000 ---p 00000000 00:00 0 
22103000-22200000 rw-p 00000000 00:00 0 
22200000-22203000 ---p 00000000 00:00 0 
22203000-22300000 rw-p 00000000 00:00 0 
22300000-22303000 ---p 00000000 00:00 0 
22303000-22400000 rw-p 00000000 00:00 0 
22400000-22403000 ---p 00000000 00:00 0 
22403000-22500000 rw-p 00000000 00:00 0 
22500000-22503000 ---p 00000000 00:00 0 
22503000-22600000 rw-p 00000000 00:00 0 
22600000-22603000 ---p 00000000 00:00 0 
22603000-22700000 rw-p 00000000 00:00 0 
22700000-22703000 ---p 00000000 00:00 0 
22703000-22800000 rw-p 00000000 00:00 0 
22800000-22803000 ---p 00000000 00:00 0 
22803000-22900000 rw-p 00000000 00:00 0 
22900000-22903000 ---p 00000000 00:00 0 
22903000-22a00000 rw-p 00000000 00:00 0 
22a00000-22a03000 ---p 00000000 00:00 0 
22a03000-22b00000 rw-p 00000000 00:00 0 
22b00000-22b03000 ---p 00000000 00:00 0 
22b03000-22c00000 rw-p 00000000 00:00 0 
22c00000-22c03000 ---p 00000000 00:00 0 
22c03000-22d00000 rw-p 00000000 00:00 0 
22d00000-22d03000 ---p 00000000 00:00 0 
22d03000-22e00000 rw-p 00000000 00:00 0 
22e00000-22e03000 ---p 00000000 00:00 0 
22e03000-22f00000 rw-p 00000000 00:00 0 
22f00000-22f03000 ---p 00000000 00:00 0 
22f03000-23000000 rw-p 00000000 00:00 0 
23000000-23003000 ---p 00000000 00:00 0 
23003000-23100000 rw-p 00000000 00:00 0 
23100000-23103000 ---p 00000000 00:00 0 
23103000-23200000 rw-p 00000000 00:00 0 
23200000-23203000 ---p 00000000 00:00 0 
23203000-23300000 rw-p 00000000 00:00 0 
23300000-23303000 ---p 00000000 00:00 0 
23303000-23400000 rw-p 00000000 00:00 0 
23400000-23403000 ---p 00000000 00:00 0 
23403000-23500000 rw-p 00000000 00:00 0 
23500000-23503000 ---p 00000000 00:00 0 
23503000-23600000 rw-p 00000000 00:00 0 
23600000-23603000 ---p 00000000 00:00 0 
23603000-23700000 rw-p 00000000 00:00 0 
23700000-23703000 ---p 00000000 00:00 0 
23703000-23800000 rw-p 00000000 00:00 0 
23800000-23803000 ---p 00000000 00:00 0 
23803000-23900000 rw-p 00000000 00:00 0 
23900000-23903000 ---p 00000000 00:00 0 
23903000-23a00000 rw-p 00000000 00:00 0 
23a00000-23a03000 ---p 00000000 00:00 0 
23a03000-23b00000 rw-p 00000000 00:00 0 
23b00000-23b03000 ---p 00000000 00:00 0 
23b03000-23c00000 rw-p 00000000 00:00 0 
23c00000-23c03000 ---p 00000000 00:00 0 
23c03000-23d00000 rw-p 00000000 00:00 0 
23d00000-23d03000 ---p 00000000 00:00 0 
23d03000-23e00000 rw-p 00000000 00:00 0 
23e00000-23e03000 ---p 00000000 00:00 0 
23e03000-23f00000 rw-p 00000000 00:00 0 
23f00000-23f03000 ---p 00000000 00:00 0 
23f03000-24000000 rw-p 00000000 00:00 0 
24000000-24003000 ---p 00000000 00:00 0 
24003000-24100000 rw-p 00000000 00:00 0 
24100000-24103000 ---p 00000000 00:00 0 
24103000-24200000 rw-p 00000000 00:00 0 
24200000-24203000 ---p 00000000 00:00 0 
24203000-24300000 rw-p 00000000 00:00 0 
24300000-24303000 ---p 00000000 00:00 0 
24303000-24400000 rw-p 00000000 00:00 0 
24400000-24403000 ---p 00000000 00:00 0 
24403000-24500000 rw-p 00000000 00:00 0 
24500000-24503000 ---p 00000000 00:00 0 
24503000-24600000 rw-p 00000000 00:00 0 
24600000-24603000 ---p 00000000 00:00 0 
24603000-24700000 rw-p 00000000 00:00 0 
24700000-24703000 ---p 00000000 00:00 0 
24703000-24800000 rw-p 00000000 00:00 0 
24800000-24803000 ---p 00000000 00:00 0 
24803000-24900000 rw-p 00000000 00:00 0 
24900000-24903000 ---p 00000000 00:00 0 
24903000-24a00000 rw-p 00000000 00:00 0 
24a00000-24a03000 ---p 00000000 00:00 0 
24a03000-24b00000 rw-p 00000000 00:00 0 
24b00000-24b03000 ---p 00000000 00:00 0 
24b03000-24c00000 rw-p 00000000 00:00 0 
24c00000-24c03000 ---p 00000000 00:00 0 
24c03000-24d00000 rw-p 00000000 00:00 0 
24d00000-24d03000 ---p 00000000 00:00 0 
24d03000-24e00000 rw-p 00000000 00:00 0 
24e00000-24e03000 ---p 00000000 00:00 0 
24e03000-24f00000 rw-p 00000000 00:00 0 
24f00000-24f03000 ---p 00000000 00:00 0 
24f03000-25000000 rw-p 00000000 00:00 0 
25000000-25003000 ---p 00000000 00:00 0 
25003000-25100000 rw-p 00000000 00:00 0 
25100000-25103000 ---p 00000000 00:00 0 
25103000-25200000 rw-p 00000000 00:00 0 
25200000-25203000 ---p 00000000 00:00 0 
25203000-25300000 rw-p 00000000 00:00 0 
25300000-25303000 ---p 00000000 00:00 0 
25303000-25400000 rw-p 00000000 00:00 0 
25400000-25403000 ---p 00000000 00:00 0 
25403000-25500000 rw-p 00000000 00:00 0 
25500000-25503000 ---p 00000000 00:00 0 
25503000-25600000 rw-p 00000000 00:00 0 
25600000-25603000 ---p 00000000 00:00 0 
25603000-25700000 rw-p 00000000 00:00 0 
25700000-25703000 ---p 00000000 00:00 0 
25703000-25800000 rw-p 00000000 00:00 0 
25800000-25803000 ---p 00000000 00:00 0 
25803000-25900000 rw-p 00000000 00:00 0 
25900000-25903000 ---p 00000000 00:00 0 
25903000-25a00000 rw-p 00000000 00:00 0 
25a00000-25a03000 ---p 00000000 00:00 0 
25a03000-25b00000 rw-p 00000000 00:00 0 
25b00000-25b03000 ---p 00000000 00:00 0 
25b03000-25c00000 rw-p 00000000 00:00 0 
25c00000-25c03000 ---p 00000000 00:00 0 
25c03000-25d00000 rw-p 00000000 00:00 0 
25d00000-25d03000 ---p 00000000 00:00 0 
25d03000-25e00000 rw-p 00000000 00:00 0 
25e00000-25e03000 ---p 00000000 00:00 0 
25e03000-25f00000 rw-p 00000000 00:00 0 
25f00000-25f03000 ---p 00000000 00:00 0 
25f03000-26000000 rw-p 00000000 00:00 0 
26000000-26003000 ---p 00000000 00:00 0 
26003000-26100000 rw-p 00000000 00:00 0 
26100000-26103000 ---p 00000000 00:00 0 
26103000-26200000 rw-p 00000000 00:00 0 
26200000-26203000 ---p 00000000 00:00 0 
26203000-26300000 rw-p 00000000 00:00 0 
26300000-26303000 ---p 00000000 00:00 0 
26303000-26400000 rw-p 00000000 00:00 0 
26400000-26403000 ---p 00000000 00:00 0 
26403000-26500000 rw-p 00000000 00:00 0 
26500000-26503000 ---p 00000000 00:00 0 
26503000-26600000 rw-p 00000000 00:00 0 
26600000-26603000 ---p 00000000 00:00 0 
26603000-26700000 rw-p 00000000 00:00 0 
26700000-26703000 ---p 00000000 00:00 0 
26703000-26800000 rw-p 00000000 00:00 0 
26800000-26803000 ---p 00000000 00:00 0 
26803000-26900000 rw-p 00000000 00:00 0 
26900000-26903000 ---p 00000000 00:00 0 
26903000-26a00000 rw-p 00000000 00:00 0 
26a00000-26a03000 ---p 00000000 00:00 0 
26a03000-26b00000 rw-p 00000000 00:00 0 
26b00000-26b03000 ---p 00000000 00:00 0 
26b03000-26c00000 rw-p 00000000 00:00 0 
26c00000-26c03000 ---p 00000000 00:00 0 
26c03000-26d00000 rw-p 00000000 00:00 0 
26d00000-26d03000 ---p 00000000 00:00 0 
26d03000-26e00000 rw-p 00000000 00:00 0 
26e00000-26e03000 ---p 00000000 00:00 0 
26e03000-26f00000 rw-p 00000000 00:00 0 
26f00000-26f03000 ---p 00000000 00:00 0 
26f03000-27000000 rw-p 00000000 00:00 0 
27000000-27003000 ---p 00000000 00:00 0 
27003000-27100000 rw-p 00000000 00:00 0 
27100000-27103000 ---p 00000000 00:00 0 
27103000-27200000 rw-p 00000000 00:00 0 
27200000-27203000 ---p 00000000 00:00 0 
27203000-27300000 rw-p 00000000 00:00 0 
27300000-27303000 ---p 00000000 00:00 0 
27303000-27400000 rw-p 00000000 00:00 0 
27400000-27403000 ---p 00000000 00:00 0 
27403000-27500000 rw-p 00000000 00:00 0 
27500000-27503000 ---p 00000000 00:00 0 
27503000-27600000 rw-p 00000000 00:00 0 
27600000-27603000 ---p 00000000 00:00 0 
27603000-27700000 rw-p 00000000 00:00 0 
27700000-27703000 ---p 00000000 00:00 0 
27703000-27800000 rw-p 00000000 00:00 0 
27800000-27803000 ---p 00000000 00:00 0 
27803000-27900000 rw-p 00000000 00:00 0 
27900000-27903000 ---p 00000000 00:00 0 
27903000-27a00000 rw-p 00000000 00:00 0 
27a00000-27a03000 ---p 00000000 00:00 0 
27a03000-27b00000 rw-p 00000000 00:00 0 
27b00000-27b03000 ---p 00000000 00:00 0 
27b03000-27c00000 rw-p 00000000 00:00 0 
27c00000-27c03000 ---p 00000000 00:00 0 
27c03000-27d00000 rw-p 00000000 00:00 0 
27d00000-27d03000 ---p 00000000 00:00 0 
27d03000-27e00000 rw-p 00000000 00:00 0 
27e00000-27e03000 ---p 00000000 00:00 0 
27e03000-27f00000 rw-p 00000000 00:00 0 
27f00000-27f03000 ---p 00000000 00:00 0 
27f03000-28000000 rw-p 00000000 00:00 0 
28000000-28003000 ---p 00000000 00:00 0 
28003000-28100000 rw-p 00000000 00:00 0 
28100000-28103000 ---p 00000000 00:00 0 
28103000-28200000 rw-p 00000000 00:00 0 
28200000-28203000 ---p 00000000 00:00 0 
28203000-28300000 rw-p 00000000 00:00 0 
28300000-28303000 ---p 00000000 00:00 0 
28303000-28400000 rw-p 00000000 00:00 0 
28400000-28403000 ---p 00000000 00:00 0 
28403000-28500000 rw-p 00000000 00:00 0 
28500000-28503000 ---p 00000000 00:00 0 
28503000-28600000 rw-p 00000000 00:00 0 
28600000-28603000 ---p 00000000 00:00 0 
28603000-28700000 rw-p 00000000 00:00 0 
28700000-28703000 ---p 00000000 00:00 0 
28703000-28800000 rw-p 00000000 00:00 0 
28800000-28803000 ---p 00000000 00:00 0 
28803000-28900000 rw-p 00000000 00:00 0 
28900000-28903000 ---p 00000000 00:00 0 
28903000-28a00000 rw-p 00000000 00:00 0 
28a00000-28a03000 ---p 00000000 00:00 0 
28a03000-28b00000 rw-p 00000000 00:00 0 
28b00000-28b03000 ---p 00000000 00:00 0 
28b03000-28c00000 rw-p 00000000 00:00 0 
28c00000-28c03000 ---p 00000000 00:00 0 
28c03000-28d00000 rw-p 00000000 00:00 0 
28d00000-28d03000 ---p 00000000 00:00 0 
28d03000-28e00000 rw-p 00000000 00:00 0 
28e00000-28e03000 ---p 00000000 00:00 0 
28e03000-28f00000 rw-p 00000000 00:00 0 
28f00000-28f03000 ---p 00000000 00:00 0 
28f03000-29000000 rw-p 00000000 00:00 0 
29000000-29003000 ---p 00000000 00:00 0 
29003000-29100000 rw-p 00000000 00:00 0 
29100000-29103000 ---p 00000000 00:00 0 
29103000-29200000 rw-p 00000000 00:00 0 
29200000-29203000 ---p 00000000 00:00 0 
29203000-29300000 rw-p 00000000 00:00 0 
29300000-29303000 ---p 00000000 00:00 0 
29303000-29400000 rw-p 00000000 00:00 0 
29400000-29403000 ---p 00000000 00:00 0 
29403000-29500000 rw-p 00000000 00:00 0 
29500000-29503000 ---p 00000000 00:00 0 
29503000-29600000 rw-p 00000000 00:00 0 
29600000-29603000 ---p 00000000 00:00 0 
29603000-29700000 rw-p 00000000 00:00 0 
29700000-29703000 ---p 00000000 00:00 0 
29703000-29800000 rw-p 00000000 00:00 0 
29800000-29803000 ---p 00000000 00:00 0 
29803000-29900000 rw-p 00000000 00:00 0 
29900000-29903000 ---p 00000000 00:00 0 
29903000-29a00000 rw-p 00000000 00:00 0 
29a00000-29a03000 ---p 00000000 00:00 0 
29a03000-29b00000 rw-p 00000000 00:00 0 
29b00000-29b03000 ---p 00000000 00:00 0 
29b03000-29c00000 rw-p 00000000 00:00 0 
29c00000-29c03000 ---p 00000000 00:00 0 
29c03000-29d00000 rw-p 00000000 00:00 0 
29d00000-29d03000 ---p 00000000 00:00 0 
29d03000-29e00000 rw-p 00000000 00:00 0 
29e00000-29e03000 ---p 00000000 00:00 0 
29e03000-29f00000 rw-p 00000000 00:00 0 
29f00000-29f03000 ---p 00000000 00:00 0 
29f03000-2a000000 rw-p 00000000 00:00 0 
2a000000-2a003000 ---p 00000000 00:00 0 
2a003000-2a100000 rw-p 00000000 00:00 0 
2a100000-2a103000 ---p 00000000 00:00 0 
2a103000-2a200000 rw-p 00000000 00:00 0 
2a200000-2a203000 ---p 00000000 00:00 0 
2a203000-2a300000 rw-p 00000000 00:00 0 
2a300000-2a303000 ---p 00000000 00:00 0 
2a303000-2a400000 rw-p 00000000 00:00 0 
2a400000-2a403000 ---p 00000000 00:00 0 
2a403000-2a500000 rw-p 00000000 00:00 0 
2a500000-2a503000 ---p 00000000 00:00 0 
2a503000-2a600000 rw-p 00000000 00:00 0 
2a600000-2a603000 ---p 00000000 00:00 0 
2a603000-2a700000 rw-p 00000000 00:00 0 
2a700000-2a703000 ---p 00000000 00:00 0 
2a703000-2a800000 rw-p 00000000 00:00 0 
2a800000-2a803000 ---p 00000000 00:00 0 
2a803000-2a900000 rw-p 00000000 00:00 0 
2a900000-2a903000 ---p 00000000 00:00 0 
2a903000-2aa00000 rw-p 00000000 00:00 0 
2aa00000-2aa03000 ---p 00000000 00:00 0 
2aa03000-2ab00000 rw-p 00000000 00:00 0 
2ab00000-2ab03000 ---p 00000000 00:00 0 
2ab03000-2ac00000 rw-p 00000000 00:00 0 
2ac00000-2ac03000 ---p 00000000 00:00 0 
2ac03000-2ad00000 rw-p 00000000 00:00 0 
2ad00000-2ad03000 ---p 00000000 00:00 0 
2ad03000-2ae00000 rw-p 00000000 00:00 0 
2ae00000-2ae03000 ---p 00000000 00:00 0 
2ae03000-2af00000 rw-p 00000000 00:00 0 
2af00000-2af03000 ---p 00000000 00:00 0 
2af03000-2b000000 rw-p 00000000 00:00 0 
2b000000-2b003000 ---p 00000000 00:00 0 
2b003000-2b100000 rw-p 00000000 00:00 0 
2b100000-2b103000 ---p 00000000 00:00 0 
2b103000-2b200000 rw-p 00000000 00:00 0 
2b200000-2b203000 ---p 00000000 00:00 0 
2b203000-2b300000 rw-p 00000000 00:00 0 
2b300000-2b303000 ---p 00000000 00:00 0 
2b303000-2b400000 rw-p 00000000 00:00 0 
2b400000-2b403000 ---p 00000000 00:00 0 
2b403000-2b500000 rw-p 00000000 00:00 0 
2b500000-2b503000 ---p 00000000 00:00 0 
2b503000-2b600000 rw-p 00000000 00:00 0 
2b600000-2b603000 ---p 00000000 00:00 0 
2b603000-2b700000 rw-p 00000000 00:00 0 
2b700000-2b703000 ---p 00000000 00:00 0 
2b703000-2b800000 rw-p 00000000 00:00 0 
2b800000-2b803000 ---p 00000000 00:00 0 
2b803000-2b900000 rw-p 00000000 00:00 0 
2b900000-2b903000 ---p 00000000 00:00 0 
2b903000-2ba00000 rw-p 00000000 00:00 0 
2ba00000-2ba03000 ---p 00000000 00:00 0 
2ba03000-2bb00000 rw-p 00000000 00:00 0 
2bb00000-2bb03000 ---p 00000000 00:00 0 
2bb03000-2bc00000 rw-p 00000000 00:00 0 
2bc00000-2bc03000 ---p 00000000 00:00 0 
2bc03000-2bd00000 rw-p 00000000 00:00 0 
2bd00000-2bd03000 ---p 00000000 00:00 0 
2bd03000-2be00000 rw-p 00000000 00:00 0 
2be00000-2be03000 ---p 00000000 00:00 0 
2be03000-2bf00000 rw-p 00000000 00:00 0 
2bf00000-2bf03000 ---p 00000000 00:00 0 
2bf03000-2c000000 rw-p 00000000 00:00 0 
2c000000-2c003000 ---p 00000000 00:00 0 
2c003000-2c100000 rw-p 00000000 00:00 0 
2c100000-2c103000 ---p 00000000 00:00 0 
2c103000-2c200000 rw-p 00000000 00:00 0 
2c200000-2c203000 ---p 00000000 00:00 0 
2c203000-2c300000 rw-p 00000000 00:00 0 
2c300000-2c303000 ---p 00000000 00:00 0 
2c303000-2c400000 rw-p 00000000 00:00 0 
2c400000-2c403000 ---p 00000000 00:00 0 
2c403000-2c500000 rw-p 00000000 00:00 0 
2c500000-2c503000 ---p 00000000 00:00 0 
2c503000-2c600000 rw-p 00000000 00:00 0 
2c600000-2c603000 ---p 00000000 00:00 0 
2c603000-2c700000 rw-p 00000000 00:00 0 
2c700000-2c703000 ---p 00000000 00:00 0 
2c703000-2c800000 rw-p 00000000 00:00 0 
2c800000-2c803000 ---p 00000000 00:00 0 
2c803000-2c900000 rw-p 00000000 00:00 0 
2c900000-2c903000 ---p 00000000 00:00 0 
2c903000-2ca00000 rw-p 00000000 00:00 0 
2ca00000-2ca03000 ---p 00000000 00:00 0 
2ca03000-2cb00000 rw-p 00000000 00:00 0 
2cb00000-2cb03000 ---p 00000000 00:00 0 
2cb03000-2cc00000 rw-p 00000000 00:00 0 
2cc00000-2cc03000 ---p 00000000 00:00 0 
2cc03000-2cd00000 rw-p 00000000 00:00 0 
2cd00000-2cd03000 ---p 00000000 00:00 0 
2cd03000-2ce00000 rw-p 00000000 00:00 0 
2ce00000-2ce03000 ---p 00000000 00:00 0 
2ce03000-2cf00000 rw-p 00000000 00:00 0 
2cf00000-2cf03000 ---p 00000000 00:00 0 
2cf03000-2d000000 rw-p 00000000 00:00 0 
2d000000-2d003000 ---p 00000000 00:00 0 
2d003000-2d100000 rw-p 00000000 00:00 0 
2d100000-2d200000 rw-p 00000000 00:00 0 
2d200000-2d203000 ---p 00000000 00:00 0 
2d203000-2d300000 rw-p 00000000 00:00 0 
2d300000-2d303000 ---p 00000000 00:00 0 
2d303000-2d400000 rw-p 00000000 00:00 0 
2d400000-2d403000 ---p 00000000 00:00 0 
2d403000-2d500000 rw-p 00000000 00:00 0 
2d500000-2d503000 ---p 00000000 00:00 0 
2d503000-2d600000 rw-p 00000000 00:00 0 
2d600000-2d603000 ---p 00000000 00:00 0 
2d603000-2d700000 rw-p 00000000 00:00 0 
2d700000-2d703000 ---p 00000000 00:00 0 
2d703000-2d800000 rw-p 00000000 00:00 0 
2d800000-2d803000 ---p 00000000 00:00 0 
2d803000-2d900000 rw-p 00000000 00:00 0 
2d900000-2d903000 ---p 00000000 00:00 0 
2d903000-2da00000 rw-p 00000000 00:00 0 
2da00000-2da03000 ---p 00000000 00:00 0 
2da03000-2db00000 rw-p 00000000 00:00 0 
2db00000-2db03000 ---p 00000000 00:00 0 
2db03000-2dc00000 rw-p 00000000 00:00 0 
2dc00000-2dc03000 ---p 00000000 00:00 0 
2dc03000-2dd00000 rw-p 00000000 00:00 0 
2dd00000-2dd03000 ---p 00000000 00:00 0 
2dd03000-2de00000 rw-p 00000000 00:00 0 
2de00000-2de03000 ---p 00000000 00:00 0 
2de03000-2df00000 rw-p 00000000 00:00 0 
2df00000-2df03000 ---p 00000000 00:00 0 
2df03000-2e000000 rw-p 00000000 00:00 0 
2e000000-2e003000 ---p 00000000 00:00 0 
2e003000-2e100000 rw-p 00000000 00:00 0 
2e100000-2e103000 ---p 00000000 00:00 0 
2e103000-2e200000 rw-p 00000000 00:00 0 
2e200000-2e203000 ---p 00000000 00:00 0 
2e203000-2e300000 rw-p 00000000 00:00 0 
2e300000-2e303000 ---p 00000000 00:00 0 
2e303000-2e400000 rw-p 00000000 00:00 0 
2e400000-2e403000 ---p 00000000 00:00 0 
2e403000-2e500000 rw-p 00000000 00:00 0 
2e500000-2e503000 ---p 00000000 00:00 0 
2e503000-2e600000 rw-p 00000000 00:00 0 
2e600000-2e603000 ---p 00000000 00:00 0 
2e603000-2e700000 rw-p 00000000 00:00 0 
2e700000-2e703000 ---p 00000000 00:00 0 
2e703000-2e800000 rw-p 00000000 00:00 0 
2e800000-2e803000 ---p 00000000 00:00 0 
2e803000-2e900000 rw-p 00000000 00:00 0 
2e900000-2e903000 ---p 00000000 00:00 0 
2e903000-2ea00000 rw-p 00000000 00:00 0 
2ea00000-2ea03000 ---p 00000000 00:00 0 
2ea03000-2eb00000 rw-p 00000000 00:00 0 
2eb00000-2eb03000 ---p 00000000 00:00 0 
2eb03000-2ec00000 rw-p 00000000 00:00 0 
2ec00000-2ec03000 ---p 00000000 00:00 0 
2ec03000-2ed00000 rw-p 00000000 00:00 0 
2ed00000-2ed03000 ---p 00000000 00:00 0 
2ed03000-2ee00000 rw-p 00000000 00:00 0 
2ee00000-2ee03000 ---p 00000000 00:00 0 
2ee03000-2ef00000 rw-p 00000000 00:00 0 
2ef00000-2ef03000 ---p 00000000 00:00 0 
2ef03000-2f000000 rw-p 00000000 00:00 0 
2f000000-2f003000 ---p 00000000 00:00 0 
2f003000-2f100000 rw-p 00000000 00:00 0 
2f100000-2f103000 ---p 00000000 00:00 0 
2f103000-2f200000 rw-p 00000000 00:00 0 
2f200000-2f203000 ---p 00000000 00:00 0 
2f203000-2f300000 rw-p 00000000 00:00 0 
2f300000-2f303000 ---p 00000000 00:00 0 
2f303000-2f400000 rw-p 00000000 00:00 0 
2f400000-2f403000 ---p 00000000 00:00 0 
2f403000-2f500000 rw-p 00000000 00:00 0 
2f500000-2f503000 ---p 00000000 00:00 0 
2f503000-2f600000 rw-p 00000000 00:00 0 
2f600000-2f603000 ---p 00000000 00:00 0 
2f603000-2f700000 rw-p 00000000 00:00 0 
2f700000-2f703000 ---p 00000000 00:00 0 
2f703000-2f800000 rw-p 00000000 00:00 0 
2f800000-2f803000 ---p 00000000 00:00 0 
2f803000-2f900000 rw-p 00000000 00:00 0 
2f900000-2f903000 ---p 00000000 00:00 0 
2f903000-2fa00000 rw-p 00000000 00:00 0 
2fa00000-2fa03000 ---p 00000000 00:00 0 
2fa03000-2fb00000 rw-p 00000000 00:00 0 
2fb00000-2fb03000 ---p 00000000 00:00 0 
2fb03000-2fc00000 rw-p 00000000 00:00 0 
2fc00000-2fc03000 ---p 00000000 00:00 0 
2fc03000-2fd00000 rw-p 00000000 00:00 0 
2fd00000-2fd03000 ---p 00000000 00:00 0 
2fd03000-2fe00000 rw-p 00000000 00:00 0 
2fe00000-2fe03000 ---p 00000000 00:00 0 
2fe03000-2ff00000 rw-p 00000000 00:00 0 
2ff00000-2ff03000 ---p 00000000 00:00 0 
2ff03000-30000000 rw-p 00000000 00:00 0 
30000000-30003000 ---p 00000000 00:00 0 
30003000-30100000 rw-p 00000000 00:00 0 
30100000-30103000 ---p 00000000 00:00 0 
30103000-30200000 rw-p 00000000 00:00 0 
30200000-30203000 ---p 00000000 00:00 0 
30203000-30300000 rw-p 00000000 00:00 0 
30300000-30303000 ---p 00000000 00:00 0 
30303000-30400000 rw-p 00000000 00:00 0 
30400000-30403000 ---p 00000000 00:00 0 
30403000-30500000 rw-p 00000000 00:00 0 
30500000-30503000 ---p 00000000 00:00 0 
30503000-30600000 rw-p 00000000 00:00 0 
30600000-30603000 ---p 00000000 00:00 0 
30603000-30700000 rw-p 00000000 00:00 0 
30700000-30703000 ---p 00000000 00:00 0 
30703000-30800000 rw-p 00000000 00:00 0 
30800000-30803000 ---p 00000000 00:00 0 
30803000-30900000 rw-p 00000000 00:00 0 
30900000-30903000 ---p 00000000 00:00 0 
30903000-30a00000 rw-p 00000000 00:00 0 
30a00000-30a03000 ---p 00000000 00:00 0 
30a03000-30b00000 rw-p 00000000 00:00 0 
30b00000-30b03000 ---p 00000000 00:00 0 
30b03000-30c00000 rw-p 00000000 00:00 0 
30c00000-30c03000 ---p 00000000 00:00 0 
30c03000-30d00000 rw-p 00000000 00:00 0 
30d00000-30d03000 ---p 00000000 00:00 0 
30d03000-30e00000 rw-p 00000000 00:00 0 
30e00000-30e03000 ---p 00000000 00:00 0 
30e03000-30f00000 rw-p 00000000 00:00 0 
30f00000-30f03000 ---p 00000000 00:00 0 
30f03000-31000000 rw-p 00000000 00:00 0 
31000000-31003000 ---p 00000000 00:00 0 
31003000-31100000 rw-p 00000000 00:00 0 
31100000-31103000 ---p 00000000 00:00 0 
31103000-31200000 rw-p 00000000 00:00 0 
31200000-31203000 ---p 00000000 00:00 0 
31203000-31300000 rw-p 00000000 00:00 0 
31300000-31303000 ---p 00000000 00:00 0 
31303000-31400000 rw-p 00000000 00:00 0 
31400000-31403000 ---p 00000000 00:00 0 
31403000-31500000 rw-p 00000000 00:00 0 
31500000-31503000 ---p 00000000 00:00 0 
31503000-31600000 rw-p 00000000 00:00 0 
31600000-31603000 ---p 00000000 00:00 0 
31603000-31700000 rw-p 00000000 00:00 0 
31700000-31703000 ---p 00000000 00:00 0 
31703000-31800000 rw-p 00000000 00:00 0 
31800000-31803000 ---p 00000000 00:00 0 
31803000-31900000 rw-p 00000000 00:00 0 
31900000-31903000 ---p 00000000 00:00 0 
31903000-31a00000 rw-p 00000000 00:00 0 
31a00000-31a03000 ---p 00000000 00:00 0 
31a03000-31b00000 rw-p 00000000 00:00 0 
31b00000-31b03000 ---p 00000000 00:00 0 
31b03000-31c00000 rw-p 00000000 00:00 0 
31c00000-31c03000 ---p 00000000 00:00 0 
31c03000-31d00000 rw-p 00000000 00:00 0 
31d00000-31d03000 ---p 00000000 00:00 0 
31d03000-31e00000 rw-p 00000000 00:00 0 
31e00000-31e03000 ---p 00000000 00:00 0 
31e03000-31f00000 rw-p 00000000 00:00 0 
31f00000-31f03000 ---p 00000000 00:00 0 
31f03000-32000000 rw-p 00000000 00:00 0 
32000000-32003000 ---p 00000000 00:00 0 
32003000-32100000 rw-p 00000000 00:00 0 
32100000-32103000 ---p 00000000 00:00 0 
32103000-32200000 rw-p 00000000 00:00 0 
32200000-32203000 ---p 00000000 00:00 0 
32203000-32300000 rw-p 00000000 00:00 0 
32300000-32303000 ---p 00000000 00:00 0 
32303000-32400000 rw-p 00000000 00:00 0 
32400000-32403000 ---p 00000000 00:00 0 
32403000-32500000 rw-p 00000000 00:00 0 
32500000-32503000 ---p 00000000 00:00 0 
32503000-32600000 rw-p 00000000 00:00 0 
32600000-32603000 ---p 00000000 00:00 0 
32603000-32700000 rw-p 00000000 00:00 0 
32700000-32703000 ---p 00000000 00:00 0 
32703000-32800000 rw-p 00000000 00:00 0 
32800000-32803000 ---p 00000000 00:00 0 
32803000-32900000 rw-p 00000000 00:00 0 
32900000-32903000 ---p 00000000 00:00 0 
32903000-32a00000 rw-p 00000000 00:00 0 
32a00000-32a03000 ---p 00000000 00:00 0 
32a03000-32b00000 rw-p 00000000 00:00 0 
32b00000-32b03000 ---p 00000000 00:00 0 
32b03000-32c00000 rw-p 00000000 00:00 0 
32c00000-32c03000 ---p 00000000 00:00 0 
32c03000-32d00000 rw-p 00000000 00:00 0 
32d00000-32d03000 ---p 00000000 00:00 0 
32d03000-32e00000 rw-p 00000000 00:00 0 
32e00000-32e03000 ---p 00000000 00:00 0 
32e03000-32f00000 rw-p 00000000 00:00 0 
32f00000-32f03000 ---p 00000000 00:00 0 
32f03000-33000000 rw-p 00000000 00:00 0 
33000000-33003000 ---p 00000000 00:00 0 
33003000-33100000 rw-p 00000000 00:00 0 
33100000-33103000 ---p 00000000 00:00 0 
33103000-33200000 rw-p 00000000 00:00 0 
33200000-33203000 ---p 00000000 00:00 0 
33203000-33300000 rw-p 00000000 00:00 0 
33300000-33303000 ---p 00000000 00:00 0 
33303000-33400000 rw-p 00000000 00:00 0 
33400000-33403000 ---p 00000000 00:00 0 
33403000-33500000 rw-p 00000000 00:00 0 
33500000-33503000 ---p 00000000 00:00 0 
33503000-33600000 rw-p 00000000 00:00 0 
33600000-33603000 ---p 00000000 00:00 0 
33603000-33700000 rw-p 00000000 00:00 0 
33700000-33703000 ---p 00000000 00:00 0 
33703000-33800000 rw-p 00000000 00:00 0 
33800000-33803000 ---p 00000000 00:00 0 
33803000-33900000 rw-p 00000000 00:00 0 
33900000-33903000 ---p 00000000 00:00 0 
33903000-33a00000 rw-p 00000000 00:00 0 
33a00000-33a03000 ---p 00000000 00:00 0 
33a03000-33b00000 rw-p 00000000 00:00 0 
33b00000-33b03000 ---p 00000000 00:00 0 
33b03000-33c00000 rw-p 00000000 00:00 0 
33c00000-33c03000 ---p 00000000 00:00 0 
33c03000-33d00000 rw-p 00000000 00:00 0 
33d00000-33d03000 ---p 00000000 00:00 0 
33d03000-33e00000 rw-p 00000000 00:00 0 
33e00000-33e03000 ---p 00000000 00:00 0 
33e03000-33f00000 rw-p 00000000 00:00 0 
33f00000-33f03000 ---p 00000000 00:00 0 
33f03000-34000000 rw-p 00000000 00:00 0 
34000000-34003000 ---p 00000000 00:00 0 
34003000-34100000 rw-p 00000000 00:00 0 
34100000-34103000 ---p 00000000 00:00 0 
34103000-34200000 rw-p 00000000 00:00 0 
34200000-34203000 ---p 00000000 00:00 0 
34203000-34300000 rw-p 00000000 00:00 0 
34300000-34303000 ---p 00000000 00:00 0 
34303000-34400000 rw-p 00000000 00:00 0 
34400000-34403000 ---p 00000000 00:00 0 
34403000-34500000 rw-p 00000000 00:00 0 
34500000-34503000 ---p 00000000 00:00 0 
34503000-34600000 rw-p 00000000 00:00 0 
34600000-34603000 ---p 00000000 00:00 0 
34603000-34700000 rw-p 00000000 00:00 0 
34700000-34703000 ---p 00000000 00:00 0 
34703000-34800000 rw-p 00000000 00:00 0 
34800000-34803000 ---p 00000000 00:00 0 
34803000-34900000 rw-p 00000000 00:00 0 
34900000-34903000 ---p 00000000 00:00 0 
34903000-34a00000 rw-p 00000000 00:00 0 
34a00000-34a03000 ---p 00000000 00:00 0 
34a03000-34b00000 rw-p 00000000 00:00 0 
34b00000-34b03000 ---p 00000000 00:00 0 
34b03000-34c00000 rw-p 00000000 00:00 0 
34c00000-34c03000 ---p 00000000 00:00 0 
34c03000-34d00000 rw-p 00000000 00:00 0 
34d00000-34d03000 ---p 00000000 00:00 0 
34d03000-34e00000 rw-p 00000000 00:00 0 
34e00000-34e03000 ---p 00000000 00:00 0 
34e03000-34f00000 rw-p 00000000 00:00 0 
34f00000-34f03000 ---p 00000000 00:00 0 
34f03000-35000000 rw-p 00000000 00:00 0 
35000000-35003000 ---p 00000000 00:00 0 
35003000-35100000 rw-p 00000000 00:00 0 
35100000-35103000 ---p 00000000 00:00 0 
35103000-35200000 rw-p 00000000 00:00 0 
35200000-35203000 ---p 00000000 00:00 0 
35203000-35300000 rw-p 00000000 00:00 0 
35300000-35303000 ---p 00000000 00:00 0 
35303000-35400000 rw-p 00000000 00:00 0 
35400000-35403000 ---p 00000000 00:00 0 
35403000-35500000 rw-p 00000000 00:00 0 
35500000-35503000 ---p 00000000 00:00 0 
35503000-35600000 rw-p 00000000 00:00 0 
35600000-35603000 ---p 00000000 00:00 0 
35603000-35700000 rw-p 00000000 00:00 0 
35700000-35703000 ---p 00000000 00:00 0 
35703000-35800000 rw-p 00000000 00:00 0 
35800000-35803000 ---p 00000000 00:00 0 
35803000-35900000 rw-p 00000000 00:00 0 
35900000-35903000 ---p 00000000 00:00 0 
35903000-35a00000 rw-p 00000000 00:00 0 
35a00000-35a03000 ---p 00000000 00:00 0 
35a03000-35b00000 rw-p 00000000 00:00 0 
35b00000-35b03000 ---p 00000000 00:00 0 
35b03000-35c00000 rw-p 00000000 00:00 0 
35c00000-35c03000 ---p 00000000 00:00 0 
35c03000-35d00000 rw-p 00000000 00:00 0 
35d00000-35d03000 ---p 00000000 00:00 0 
35d03000-35e00000 rw-p 00000000 00:00 0 
35e00000-35e03000 ---p 00000000 00:00 0 
35e03000-35f00000 rw-p 00000000 00:00 0 
35f00000-35f03000 ---p 00000000 00:00 0 
35f03000-36000000 rw-p 00000000 00:00 0 
36000000-36003000 ---p 00000000 00:00 0 
36003000-36100000 rw-p 00000000 00:00 0 
36100000-36103000 ---p 00000000 00:00 0 
36103000-36200000 rw-p 00000000 00:00 0 
36200000-36203000 ---p 00000000 00:00 0 
36203000-36300000 rw-p 00000000 00:00 0 
36300000-36303000 ---p 00000000 00:00 0 
36303000-36400000 rw-p 00000000 00:00 0 
36400000-36403000 ---p 00000000 00:00 0 
36403000-36500000 rw-p 00000000 00:00 0 
36500000-36503000 ---p 00000000 00:00 0 
36503000-36600000 rw-p 00000000 00:00 0 
36600000-36603000 ---p 00000000 00:00 0 
36603000-36700000 rw-p 00000000 00:00 0 
36700000-36703000 ---p 00000000 00:00 0 
36703000-36800000 rw-p 00000000 00:00 0 
36800000-36803000 ---p 00000000 00:00 0 
36803000-36900000 rw-p 00000000 00:00 0 
36900000-36903000 ---p 00000000 00:00 0 
36903000-36a00000 rw-p 00000000 00:00 0 
36a00000-36a03000 ---p 00000000 00:00 0 
36a03000-36b00000 rw-p 00000000 00:00 0 
36b00000-36b03000 ---p 00000000 00:00 0 
36b03000-36c00000 rw-p 00000000 00:00 0 
36c00000-36c03000 ---p 00000000 00:00 0 
36c03000-36d00000 rw-p 00000000 00:00 0 
36d00000-36d03000 ---p 00000000 00:00 0 
36d03000-36e00000 rw-p 00000000 00:00 0 
36e00000-36e03000 ---p 00000000 00:00 0 
36e03000-36f00000 rw-p 00000000 00:00 0 
36f00000-36f03000 ---p 00000000 00:00 0 
36f03000-37000000 rw-p 00000000 00:00 0 
37000000-37003000 ---p 00000000 00:00 0 
37003000-37100000 rw-p 00000000 00:00 0 
37100000-37103000 ---p 00000000 00:00 0 
37103000-37200000 rw-p 00000000 00:00 0 
37200000-37203000 ---p 00000000 00:00 0 
37203000-37300000 rw-p 00000000 00:00 0 
37300000-37303000 ---p 00000000 00:00 0 
37303000-37400000 rw-p 00000000 00:00 0 
37400000-37403000 ---p 00000000 00:00 0 
37403000-37500000 rw-p 00000000 00:00 0 
37500000-37503000 ---p 00000000 00:00 0 
37503000-37600000 rw-p 00000000 00:00 0 
37600000-37603000 ---p 00000000 00:00 0 
37603000-37700000 rw-p 00000000 00:00 0 
37700000-37703000 ---p 00000000 00:00 0 
37703000-37800000 rw-p 00000000 00:00 0 
37800000-37803000 ---p 00000000 00:00 0 
37803000-37900000 rw-p 00000000 00:00 0 
37900000-37903000 ---p 00000000 00:00 0 
37903000-37a00000 rw-p 00000000 00:00 0 
37a00000-37a03000 ---p 00000000 00:00 0 
37a03000-37b00000 rw-p 00000000 00:00 0 
37b00000-37b03000 ---p 00000000 00:00 0 
37b03000-37c00000 rw-p 00000000 00:00 0 
37c00000-37c03000 ---p 00000000 00:00 0 
37c03000-37d00000 rw-p 00000000 00:00 0 
37d00000-37d03000 ---p 00000000 00:00 0 
37d03000-37e00000 rw-p 00000000 00:00 0 
37e00000-37e03000 ---p 00000000 00:00 0 
37e03000-37f00000 rw-p 00000000 00:00 0 
37f00000-37f03000 ---p 00000000 00:00 0 
37f03000-38000000 rw-p 00000000 00:00 0 
38000000-38003000 ---p 00000000 00:00 0 
38003000-38100000 rw-p 00000000 00:00 0 
38100000-38103000 ---p 00000000 00:00 0 
38103000-38200000 rw-p 00000000 00:00 0 
38200000-38203000 ---p 00000000 00:00 0 
38203000-38300000 rw-p 00000000 00:00 0 
38300000-38303000 ---p 00000000 00:00 0 
38303000-38400000 rw-p 00000000 00:00 0 
38400000-38403000 ---p 00000000 00:00 0 
38403000-38500000 rw-p 00000000 00:00 0 
38500000-38503000 ---p 00000000 00:00 0 
38503000-38600000 rw-p 00000000 00:00 0 
38600000-38603000 ---p 00000000 00:00 0 
38603000-38700000 rw-p 00000000 00:00 0 
38700000-38703000 ---p 00000000 00:00 0 
38703000-38800000 rw-p 00000000 00:00 0 
38800000-38803000 ---p 00000000 00:00 0 
38803000-38900000 rw-p 00000000 00:00 0 
38900000-38903000 ---p 00000000 00:00 0 
38903000-38a00000 rw-p 00000000 00:00 0 
38a00000-38a03000 ---p 00000000 00:00 0 
38a03000-38b00000 rw-p 00000000 00:00 0 
38b00000-38b03000 ---p 00000000 00:00 0 
38b03000-38c00000 rw-p 00000000 00:00 0 
38c00000-38c03000 ---p 00000000 00:00 0 
38c03000-38d00000 rw-p 00000000 00:00 0 
38d00000-38d03000 ---p 00000000 00:00 0 
38d03000-38e00000 rw-p 00000000 00:00 0 
38e00000-38e03000 ---p 00000000 00:00 0 
38e03000-38f00000 rw-p 00000000 00:00 0 
38f00000-38f03000 ---p 00000000 00:00 0 
38f03000-39000000 rw-p 00000000 00:00 0 
39000000-39003000 ---p 00000000 00:00 0 
39003000-39100000 rw-p 00000000 00:00 0 
39100000-39103000 ---p 00000000 00:00 0 
39103000-39200000 rw-p 00000000 00:00 0 
39200000-39203000 ---p 00000000 00:00 0 
39203000-39300000 rw-p 00000000 00:00 0 
39300000-39303000 ---p 00000000 00:00 0 
39303000-39400000 rw-p 00000000 00:00 0 
39400000-39403000 ---p 00000000 00:00 0 
39403000-39500000 rw-p 00000000 00:00 0 
39500000-39503000 ---p 00000000 00:00 0 
39503000-39600000 rw-p 00000000 00:00 0 
39600000-39603000 ---p 00000000 00:00 0 
39603000-39700000 rw-p 00000000 00:00 0 
39700000-39703000 ---p 00000000 00:00 0 
39703000-39800000 rw-p 00000000 00:00 0 
39800000-39803000 ---p 00000000 00:00 0 
39803000-39900000 rw-p 00000000 00:00 0 
39900000-39903000 ---p 00000000 00:00 0 
39903000-39a00000 rw-p 00000000 00:00 0 
39a00000-39a03000 ---p 00000000 00:00 0 
39a03000-39b00000 rw-p 00000000 00:00 0 
39b00000-39b03000 ---p 00000000 00:00 0 
39b03000-39c00000 rw-p 00000000 00:00 0 
39c00000-39c03000 ---p 00000000 00:00 0 
39c03000-39d00000 rw-p 00000000 00:00 0 
39d00000-39d03000 ---p 00000000 00:00 0 
39d03000-39e00000 rw-p 00000000 00:00 0 
39e00000-39e03000 ---p 00000000 00:00 0 
39e03000-39f00000 rw-p 00000000 00:00 0 
39f00000-39f03000 ---p 00000000 00:00 0 
39f03000-3a000000 rw-p 00000000 00:00 0 
3a000000-3a003000 ---p 00000000 00:00 0 
3a003000-3a100000 rw-p 00000000 00:00 0 
3a100000-3a103000 ---p 00000000 00:00 0 
3a103000-3a200000 rw-p 00000000 00:00 0 
3a200000-3a203000 ---p 00000000 00:00 0 
3a203000-3a300000 rw-p 00000000 00:00 0 
3a300000-3a303000 ---p 00000000 00:00 0 
3a303000-3a400000 rw-p 00000000 00:00 0 
3a400000-3a403000 ---p 00000000 00:00 0 
3a403000-3a500000 rw-p 00000000 00:00 0 
3a500000-3a503000 ---p 00000000 00:00 0 
3a503000-3a600000 rw-p 00000000 00:00 0 
3a600000-3a603000 ---p 00000000 00:00 0 
3a603000-3a700000 rw-p 00000000 00:00 0 
3a700000-3a703000 ---p 00000000 00:00 0 
3a703000-3a800000 rw-p 00000000 00:00 0 
3a800000-3a803000 ---p 00000000 00:00 0 
3a803000-3a900000 rw-p 00000000 00:00 0 
3a900000-3a903000 ---p 00000000 00:00 0 
3a903000-3aa00000 rw-p 00000000 00:00 0 
3aa00000-3aa03000 ---p 00000000 00:00 0 
3aa03000-3ab00000 rw-p 00000000 00:00 0 
3ab00000-3ab03000 ---p 00000000 00:00 0 
3ab03000-3ac00000 rw-p 00000000 00:00 0 
3ac00000-3ac03000 ---p 00000000 00:00 0 
3ac03000-3ad00000 rw-p 00000000 00:00 0 
3ad00000-3ad03000 ---p 00000000 00:00 0 
3ad03000-3ae00000 rw-p 00000000 00:00 0 
3ae00000-3ae03000 ---p 00000000 00:00 0 
3ae03000-3af00000 rw-p 00000000 00:00 0 
3af00000-3af03000 ---p 00000000 00:00 0 
3af03000-3b000000 rw-p 00000000 00:00 0 
3b000000-3b003000 ---p 00000000 00:00 0 
3b003000-3b100000 rw-p 00000000 00:00 0 
3b100000-3b103000 ---p 00000000 00:00 0 
3b103000-3b200000 rw-p 00000000 00:00 0 
3b200000-3b203000 ---p 00000000 00:00 0 
3b203000-3b300000 rw-p 00000000 00:00 0 
3b300000-3b303000 ---p 00000000 00:00 0 
3b303000-3b400000 rw-p 00000000 00:00 0 
3b400000-3b403000 ---p 00000000 00:00 0 
3b403000-3b500000 rw-p 00000000 00:00 0 
3b500000-3b503000 ---p 00000000 00:00 0 
3b503000-3b600000 rw-p 00000000 00:00 0 
3b600000-3b603000 ---p 00000000 00:00 0 
3b603000-3b700000 rw-p 00000000 00:00 0 
3b700000-3b703000 ---p 00000000 00:00 0 
3b703000-3b800000 rw-p 00000000 00:00 0 
3b800000-3b803000 ---p 00000000 00:00 0 
3b803000-3b900000 rw-p 00000000 00:00 0 
3b900000-3b903000 ---p 00000000 00:00 0 
3b903000-3ba00000 rw-p 00000000 00:00 0 
3ba00000-3ba03000 ---p 00000000 00:00 0 
3ba03000-3bb00000 rw-p 00000000 00:00 0 
3bb00000-3bb03000 ---p 00000000 00:00 0 
3bb03000-3bc00000 rw-p 00000000 00:00 0 
3bc00000-3bc03000 ---p 00000000 00:00 0 
3bc03000-3bd00000 rw-p 00000000 00:00 0 
3bd00000-3bd03000 ---p 00000000 00:00 0 
3bd03000-3be00000 rw-p 00000000 00:00 0 
3be00000-3be03000 ---p 00000000 00:00 0 
3be03000-3bf00000 rw-p 00000000 00:00 0 
3bf00000-3bf03000 ---p 00000000 00:00 0 
3bf03000-3c000000 rw-p 00000000 00:00 0 
3c000000-3c003000 ---p 00000000 00:00 0 
3c003000-3c100000 rw-p 00000000 00:00 0 
3c100000-3c103000 ---p 00000000 00:00 0 
3c103000-3c200000 rw-p 00000000 00:00 0 
3c200000-3c203000 ---p 00000000 00:00 0 
3c203000-3c300000 rw-p 00000000 00:00 0 
3c300000-3c303000 ---p 00000000 00:00 0 
3c303000-3c400000 rw-p 00000000 00:00 0 
3c400000-3c403000 ---p 00000000 00:00 0 
3c403000-3c500000 rw-p 00000000 00:00 0 
3c500000-3c503000 ---p 00000000 00:00 0 
3c503000-3c600000 rw-p 00000000 00:00 0 
3c600000-3c603000 ---p 00000000 00:00 0 
3c603000-3c700000 rw-p 00000000 00:00 0 
3c700000-3c703000 ---p 00000000 00:00 0 
3c703000-3c800000 rw-p 00000000 00:00 0 
3c800000-3c803000 ---p 00000000 00:00 0 
3c803000-3c900000 rw-p 00000000 00:00 0 
3c900000-3c903000 ---p 00000000 00:00 0 
3c903000-3ca00000 rw-p 00000000 00:00 0 
3ca00000-3ca03000 ---p 00000000 00:00 0 
3ca03000-3cb00000 rw-p 00000000 00:00 0 
3cb00000-3cb03000 ---p 00000000 00:00 0 
3cb03000-3cc00000 rw-p 00000000 00:00 0 
3cc00000-3cc03000 ---p 00000000 00:00 0 
3cc03000-3cd00000 rw-p 00000000 00:00 0 
3cd00000-3cd03000 ---p 00000000 00:00 0 
3cd03000-3ce00000 rw-p 00000000 00:00 0 
3ce00000-3ce03000 ---p 00000000 00:00 0 
3ce03000-3cf00000 rw-p 00000000 00:00 0 
3cf00000-3cf03000 ---p 00000000 00:00 0 
3cf03000-3d000000 rw-p 00000000 00:00 0 
3d000000-3d003000 ---p 00000000 00:00 0 
3d003000-3d100000 rw-p 00000000 00:00 0 
3d100000-3d103000 ---p 00000000 00:00 0 
3d103000-3d200000 rw-p 00000000 00:00 0 
3d200000-3d203000 ---p 00000000 00:00 0 
3d203000-3d300000 rw-p 00000000 00:00 0 
3d300000-3d303000 ---p 00000000 00:00 0 
3d303000-3d400000 rw-p 00000000 00:00 0 
3d400000-3d403000 ---p 00000000 00:00 0 
3d403000-3d500000 rw-p 00000000 00:00 0 
3d500000-3d503000 ---p 00000000 00:00 0 
3d503000-3d600000 rw-p 00000000 00:00 0 
3d600000-3d603000 ---p 00000000 00:00 0 
3d603000-3d700000 rw-p 00000000 00:00 0 
3d700000-3d703000 ---p 00000000 00:00 0 
3d703000-3d800000 rw-p 00000000 00:00 0 
3d800000-3d803000 ---p 00000000 00:00 0 
3d803000-3d900000 rw-p 00000000 00:00 0 
3d900000-3d903000 ---p 00000000 00:00 0 
3d903000-3da00000 rw-p 00000000 00:00 0 
3da00000-3da03000 ---p 00000000 00:00 0 
3da03000-3db00000 rw-p 00000000 00:00 0 
3db00000-3db03000 ---p 00000000 00:00 0 
3db03000-3dc00000 rw-p 00000000 00:00 0 
3dc00000-3dc03000 ---p 00000000 00:00 0 
3dc03000-3dd00000 rw-p 00000000 00:00 0 
3dd00000-3dd03000 ---p 00000000 00:00 0 
3dd03000-3de00000 rw-p 00000000 00:00 0 
3de00000-3de03000 ---p 00000000 00:00 0 
3de03000-3df00000 rw-p 00000000 00:00 0 
3df00000-3df03000 ---p 00000000 00:00 0 
3df03000-3e000000 rw-p 00000000 00:00 0 
3e000000-3e003000 ---p 00000000 00:00 0 
3e003000-3e100000 rw-p 00000000 00:00 0 
3e100000-3e103000 ---p 00000000 00:00 0 
3e103000-3e200000 rw-p 00000000 00:00 0 
3e200000-3e203000 ---p 00000000 00:00 0 
3e203000-3e300000 rw-p 00000000 00:00 0 
3e300000-3e303000 ---p 00000000 00:00 0 
3e303000-3e400000 rw-p 00000000 00:00 0 
3e400000-3e403000 ---p 00000000 00:00 0 
3e403000-3e500000 rw-p 00000000 00:00 0 
3e500000-3e503000 ---p 00000000 00:00 0 
3e503000-3e600000 rw-p 00000000 00:00 0 
3e600000-3e603000 ---p 00000000 00:00 0 
3e603000-3e700000 rw-p 00000000 00:00 0 
3e700000-3e703000 ---p 00000000 00:00 0 
3e703000-3e800000 rw-p 00000000 00:00 0 
3e800000-3e803000 ---p 00000000 00:00 0 
3e803000-3e900000 rw-p 00000000 00:00 0 
3e900000-3e903000 ---p 00000000 00:00 0 
3e903000-3ea00000 rw-p 00000000 00:00 0 
3ea00000-3ea03000 ---p 00000000 00:00 0 
3ea03000-3eb00000 rw-p 00000000 00:00 0 
3eb00000-3eb03000 ---p 00000000 00:00 0 
3eb03000-3ec00000 rw-p 00000000 00:00 0 
3ec00000-3ec03000 ---p 00000000 00:00 0 
3ec03000-3ed00000 rw-p 00000000 00:00 0 
3ed00000-3ed03000 ---p 00000000 00:00 0 
3ed03000-3ee00000 rw-p 00000000 00:00 0 
3ee00000-3ee03000 ---p 00000000 00:00 0 
3ee03000-3ef00000 rw-p 00000000 00:00 0 
3ef00000-3ef03000 ---p 00000000 00:00 0 
3ef03000-3f000000 rw-p 00000000 00:00 0 
3f000000-3f003000 ---p 00000000 00:00 0 
3f003000-3f100000 rw-p 00000000 00:00 0 
3f100000-3f103000 ---p 00000000 00:00 0 
3f103000-3f200000 rw-p 00000000 00:00 0 
3f200000-3f203000 ---p 00000000 00:00 0 
3f203000-3f300000 rw-p 00000000 00:00 0 
3f300000-3f303000 ---p 00000000 00:00 0 
3f303000-3f400000 rw-p 00000000 00:00 0 
3f400000-3f403000 ---p 00000000 00:00 0 
3f403000-3f500000 rw-p 00000000 00:00 0 
3f500000-3f503000 ---p 00000000 00:00 0 
3f503000-3f600000 rw-p 00000000 00:00 0 
3f600000-3f603000 ---p 00000000 00:00 0 
3f603000-3f700000 rw-p 00000000 00:00 0 
3f700000-3f703000 ---p 00000000 00:00 0 
3f703000-3f800000 rw-p 00000000 00:00 0 
3f800000-3f803000 ---p 00000000 00:00 0 
3f803000-3f900000 rw-p 00000000 00:00 0 
3f900000-3f903000 ---p 00000000 00:00 0 
3f903000-3fa00000 rw-p 00000000 00:00 0 
3fa00000-3fa03000 ---p 00000000 00:00 0 
3fa03000-3fb00000 rw-p 00000000 00:00 0 
3fb00000-3fb03000 ---p 00000000 00:00 0 
3fb03000-3fc00000 rw-p 00000000 00:00 0 
3fc00000-3fc03000 ---p 00000000 00:00 0 
3fc03000-3fd00000 rw-p 00000000 00:00 0 
3fd00000-3fd03000 ---p 00000000 00:00 0 
3fd03000-3fe00000 rw-p 00000000 00:00 0 
3fe00000-3fe03000 ---p 00000000 00:00 0 
3fe03000-3ff00000 rw-p 00000000 00:00 0 
3ff00000-3ff03000 ---p 00000000 00:00 0 
3ff03000-40000000 rw-p 00000000 00:00 0 
40000000-40003000 ---p 00000000 00:00 0 
40003000-40100000 rw-p 00000000 00:00 0 
40100000-40103000 ---p 00000000 00:00 0 
40103000-40200000 rw-p 00000000 00:00 0 
40200000-40203000 ---p 00000000 00:00 0 
40203000-40300000 rw-p 00000000 00:00 0 
40300000-40303000 ---p 00000000 00:00 0 
40303000-40400000 rw-p 00000000 00:00 0 
40400000-40401000 ---p 00000000 00:00 0 
40401000-40c00000 rw-p 00000000 00:00 0 
40c00000-40c01000 ---p 00000000 00:00 0 
40c01000-41400000 rw-p 00000000 00:00 0 
41400000-41401000 ---p 00000000 00:00 0 
41401000-41c00000 rw-p 00000000 00:00 0 
41c00000-41c01000 ---p 00000000 00:00 0 
41c01000-42400000 rw-p 00000000 00:00 0 
42400000-42401000 ---p 00000000 00:00 0 
42401000-42c00000 rw-p 00000000 00:00 0 
42c00000-42c01000 ---p 00000000 00:00 0 
42c01000-43400000 rw-p 00000000 00:00 0 
43400000-43403000 ---p 00000000 00:00 0 
43403000-43500000 rw-p 00000000 00:00 0 
43500000-43503000 ---p 00000000 00:00 0 
43503000-43600000 rw-p 00000000 00:00 0 
43600000-43601000 ---p 00000000 00:00 0 
43601000-43e00000 rw-p 00000000 00:00 0 
43e00000-43e01000 ---p 00000000 00:00 0 
43e01000-44600000 rw-p 00000000 00:00 0 
44600000-44601000 ---p 00000000 00:00 0 
44601000-44e00000 rw-p 00000000 00:00 0 
44e00000-44e01000 ---p 00000000 00:00 0 
44e01000-45600000 rw-p 00000000 00:00 0 
45600000-45601000 ---p 00000000 00:00 0 
45601000-45e00000 rw-p 00000000 00:00 0 
45e00000-45e03000 ---p 00000000 00:00 0 
45e03000-45f00000 rw-p 00000000 00:00 0 
45f00000-45f03000 ---p 00000000 00:00 0 
45f03000-46000000 rw-p 00000000 00:00 0 
46000000-46003000 ---p 00000000 00:00 0 
46003000-46100000 rw-p 00000000 00:00 0 
46100000-46103000 ---p 00000000 00:00 0 
46103000-46200000 rw-p 00000000 00:00 0 
46200000-46203000 ---p 00000000 00:00 0 
46203000-46300000 rw-p 00000000 00:00 0 
46300000-46303000 ---p 00000000 00:00 0 
46303000-46400000 rw-p 00000000 00:00 0 
46400000-46403000 ---p 00000000 00:00 0 
46403000-46500000 rw-p 00000000 00:00 0 
46500000-46503000 ---p 00000000 00:00 0 
46503000-46600000 rw-p 00000000 00:00 0 
46600000-46601000 ---p 00000000 00:00 0 
46601000-46e00000 rw-p 00000000 00:00 0 
46e00000-46e01000 ---p 00000000 00:00 0 
46e01000-47600000 rw-p 00000000 00:00 0 
47600000-47601000 ---p 00000000 00:00 0 
47601000-47e00000 rw-p 00000000 00:00 0 
47e00000-47e01000 ---p 00000000 00:00 0 
47e01000-48600000 rw-p 00000000 00:00 0 
48600000-48601000 ---p 00000000 00:00 0 
48601000-48e00000 rw-p 00000000 00:00 0 
48e00000-48e01000 ---p 00000000 00:00 0 
48e01000-49600000 rw-p 00000000 00:00 0 
49600000-49601000 ---p 00000000 00:00 0 
49601000-49e00000 rw-p 00000000 00:00 0 
49e00000-49e01000 ---p 00000000 00:00 0 
49e01000-4a600000 rw-p 00000000 00:00 0 
4a600000-4a601000 ---p 00000000 00:00 0 
4a601000-4ae00000 rw-p 00000000 00:00 0 
4ae00000-4ae01000 ---p 00000000 00:00 0 
4ae01000-4b600000 rw-p 00000000 00:00 0 
4b600000-4b601000 ---p 00000000 00:00 0 
4b601000-4be00000 rw-p 00000000 00:00 0 
4be00000-4be03000 ---p 00000000 00:00 0 
4be03000-4bf00000 rw-p 00000000 00:00 0 
4bf00000-4bf03000 ---p 00000000 00:00 0 
4bf03000-4c000000 rw-p 00000000 00:00 0 
4c000000-4c003000 ---p 00000000 00:00 0 
4c003000-4c800000 rw-p 00000000 00:00 0 
4c800000-4c803000 ---p 00000000 00:00 0 
4c803000-4d000000 rw-p 00000000 00:00 0 
4d000000-4d001000 ---p 00000000 00:00 0 
4d001000-4d800000 rw-p 00000000 00:00 0 
4d800000-4d801000 ---p 00000000 00:00 0 
4d801000-4e000000 rw-p 00000000 00:00 0 
4e000000-4e001000 ---p 00000000 00:00 0 
4e001000-4e800000 rw-p 00000000 00:00 0 
4e800000-4e801000 ---p 00000000 00:00 0 
4e801000-4f020000 rw-p 00000000 00:00 0 
4f020000-4f100000 ---p 00000000 00:00 0 
4f100000-4f103000 ---p 00000000 00:00 0 
4f103000-4f200000 rw-p 00000000 00:00 0 
4f200000-4f2f7000 rw-p 00000000 00:00 0 
4f2f7000-4f300000 ---p 00000000 00:00 0 
4f300000-4f372000 rw-p 00000000 00:00 0 
4f372000-4f400000 ---p 00000000 00:00 0 
4f400000-4f500000 rw-p 00000000 00:00 0 
4f500000-4f600000 rw-p 00000000 00:00 0 
4f600000-4f700000 rw-p 00000000 00:00 0 
4f700000-4f800000 rw-p 00000000 00:00 0 
4f800000-4f900000 rw-p 00000000 00:00 0 
4f900000-4fa00000 rw-p 00000000 00:00 0 
4fa00000-4fafe000 rw-p 00000000 00:00 0 
4fafe000-4fb00000 ---p 00000000 00:00 0 
4fb00000-4fc00000 rw-p 00000000 00:00 0 
4fc00000-4fcfb000 rw-p 00000000 00:00 0 
4fcfb000-4fd00000 ---p 00000000 00:00 0 
4fd00000-4fe00000 rw-p 00000000 00:00 0 
4fe00000-4feff000 rw-p 00000000 00:00 0 
4feff000-4ff00000 ---p 00000000 00:00 0 
4ff00000-50000000 rw-p 00000000 00:00 0 
50000000-50100000 rw-p 00000000 00:00 0 
50100000-50200000 rw-p 00000000 00:00 0 
50200000-50203000 ---p 00000000 00:00 0 
50203000-50400000 rw-p 00000000 00:00 0 
50400000-50500000 rw-p 00000000 00:00 0 
50500000-505c0000 rw-p 00000000 00:00 0 
505c0000-505c7000 r-xp 00000000 b3:07 2080       /lib/arm-linux-gnueabihf/libcrypt-2.24.so
505c7000-505d6000 ---p 00007000 b3:07 2080       /lib/arm-linux-gnueabihf/libcrypt-2.24.so
505d6000-505d7000 r--p 00006000 b3:07 2080       /lib/arm-linux-gnueabihf/libcrypt-2.24.so
505d7000-505d8000 rw-p 00007000 b3:07 2080       /lib/arm-linux-gnueabihf/libcrypt-2.24.so
505d8000-52300000 rw-p 00000000 00:00 0 
52300000-523fc000 rw-p 00000000 00:00 0 
523fc000-52400000 ---p 00000000 00:00 0 
52400000-52500000 rw-p 00000000 00:00 0 
52500000-525d1000 rw-p 00000000 00:00 0 
525d1000-52600000 ---p 00000000 00:00 0 
52605000-52609000 r-xp 00000000 b3:07 263830     /usr/lib/libwiringPiDev.so.2.44
52609000-52618000 ---p 00004000 b3:07 263830     /usr/lib/libwiringPiDev.so.2.44
52618000-52619000 r--p 00003000 b3:07 263830     /usr/lib/libwiringPiDev.so.2.44
52619000-5261a000 rw-p 00004000 b3:07 263830     /usr/lib/libwiringPiDev.so.2.44
5261a000-5261c000 rw-p 00000000 00:00 0 
5261c000-52628000 r-xp 00000000 b3:07 263876     /usr/lib/libwiringPi.so.2.44
52628000-52637000 ---p 0000c000 b3:07 263876     /usr/lib/libwiringPi.so.2.44
52637000-52638000 r--p 0000b000 b3:07 263876     /usr/lib/libwiringPi.so.2.44
52638000-52639000 rw-p 0000c000 b3:07 263876     /usr/lib/libwiringPi.so.2.44
52639000-5263a000 rw-p 00000000 00:00 0 
5263a000-52645000 r-xp 00000000 b3:07 146134     /tmp/libpi4j7366194437343882717.so
52645000-52654000 ---p 0000b000 b3:07 146134     /tmp/libpi4j7366194437343882717.so
52654000-52655000 r--p 0000a000 b3:07 146134     /tmp/libpi4j7366194437343882717.so
52655000-52656000 rw-p 0000b000 b3:07 146134     /tmp/libpi4j7366194437343882717.so
52656000-52657000 rw-p 00000000 00:00 0 
52657000-52800000 r--s 01929000 b3:07 414697     /opt/jython2.7.0/jython.jar
52800000-52821000 rw-p 00000000 00:00 0 
52821000-52900000 ---p 00000000 00:00 0 
52900000-529fd000 rw-p 00000000 00:00 0 
529fd000-52a00000 ---p 00000000 00:00 0 
52a00000-52a03000 ---p 00000000 00:00 0 
52a03000-52b00000 rw-p 00000000 00:00 0 
52b00000-52bfa000 rw-p 00000000 00:00 0 
52bfa000-52c00000 ---p 00000000 00:00 0 
52c00000-52c01000 ---p 00000000 00:00 0 
52c01000-52c80000 rw-p 00000000 00:00 0 
52c80000-52c83000 ---p 00000000 00:00 0 
52c83000-52d00000 rw-p 00000000 00:00 0 
52d00000-52d30000 rw-p 00000000 00:00 0 
52d30000-52e00000 ---p 00000000 00:00 0 
52e04000-52e1c000 rw-p 00000000 00:00 0 
52e1c000-52e1f000 ---p 00000000 00:00 0 
52e1f000-52e33000 rw-p 00000000 00:00 0 
52e33000-52e41000 r-xp 00000000 b3:07 6617       /usr/lib/jvm/jdk-8-oracle-arm32-vfp-hflt/jre/lib/arm/libnio.so
52e41000-52e48000 ---p 0000e000 b3:07 6617       /usr/lib/jvm/jdk-8-oracle-arm32-vfp-hflt/jre/lib/arm/libnio.so
52e48000-52e49000 rw-p 0000d000 b3:07 6617       /usr/lib/jvm/jdk-8-oracle-arm32-vfp-hflt/jre/lib/arm/libnio.so
52e49000-52e5c000 r-xp 00000000 b3:07 6623       /usr/lib/jvm/jdk-8-oracle-arm32-vfp-hflt/jre/lib/arm/libnet.so
52e5c000-52e64000 ---p 00013000 b3:07 6623       /usr/lib/jvm/jdk-8-oracle-arm32-vfp-hflt/jre/lib/arm/libnet.so
52e64000-52e65000 rw-p 00013000 b3:07 6623       /usr/lib/jvm/jdk-8-oracle-arm32-vfp-hflt/jre/lib/arm/libnet.so
52e65000-52e68000 ---p 00000000 00:00 0 
52e68000-52f65000 rw-p 00000000 00:00 0 
52f65000-53100000 r--p 00000000 b3:07 261473     /usr/lib/locale/locale-archive
53100000-53200000 rw-p 00000000 00:00 0 
53200000-53221000 rw-p 00000000 00:00 0 
53221000-53300000 ---p 00000000 00:00 0 
53300000-53303000 ---p 00000000 00:00 0 
53303000-53400000 rw-p 00000000 00:00 0 
53400000-53403000 ---p 00000000 00:00 0 
53403000-53500000 rw-p 00000000 00:00 0 
53500000-535fa000 rw-p 00000000 00:00 0 
535fa000-53600000 ---p 00000000 00:00 0 
53600000-53612000 r--s 00345000 b3:07 6513       /usr/lib/jvm/jdk-8-oracle-arm32-vfp-hflt/jre/lib/resources.jar
53612000-5361c000 r--s 000ec000 b3:07 411819     /home/pi/projetos/producao/lib/mysql-connector-java-5.1.46.jar
5361c000-53662000 rw-p 00000000 00:00 0 
53662000-53663000 ---p 00000000 00:00 0 
53663000-53731000 rw-p 00000000 00:00 0 
53731000-53909000 r--s 03d20000 b3:07 6503       /usr/lib/jvm/jdk-8-oracle-arm32-vfp-hflt/jre/lib/rt.jar
53909000-53d4f000 rw-p 00000000 00:00 0 
53d4f000-53d55000 ---p 00000000 00:00 0 
53d55000-53d5e000 rw-p 00000000 00:00 0 
53d5e000-53e00000 ---p 00000000 00:00 0 
53e00000-546c0000 rw-p 00000000 00:00 0 
546c0000-5e8a0000 ---p 00000000 00:00 0 
5e8a0000-5f9df000 rw-p 00000000 00:00 0 
5f9df000-73e00000 ---p 00000000 00:00 0 
73e02000-73e03000 rw-s 00100000 00:06 1116       /dev/gpiomem
73e03000-73e15000 r--s 001f2000 b3:07 411820     /home/pi/projetos/producao/lib/ojdbc6.jar
73e15000-73e1c000 r--s 000a7000 b3:07 138728     /opt/pi4j/lib/pi4j-core.jar
73e1c000-73e38000 r--s 00393000 b3:07 6542       /usr/lib/jvm/jdk-8-oracle-arm32-vfp-hflt/jre/lib/ext/cldrdata.jar
73e38000-73e98000 rw-p 00000000 00:00 0 
73e98000-73ee8000 ---p 00000000 00:00 0 
73ee8000-73ef1000 rw-p 00000000 00:00 0 
73ef1000-73f93000 ---p 00000000 00:00 0 
73f93000-73f9d000 rw-p 00000000 00:00 0 
73f9d000-74014000 ---p 00000000 00:00 0 
74014000-7423c000 rwxp 00000000 00:00 0 
7423c000-76014000 ---p 00000000 00:00 0 
76014000-7602b000 r-xp 00000000 b3:07 6626       /usr/lib/jvm/jdk-8-oracle-arm32-vfp-hflt/jre/lib/arm/libzip.so
7602b000-76032000 ---p 00017000 b3:07 6626       /usr/lib/jvm/jdk-8-oracle-arm32-vfp-hflt/jre/lib/arm/libzip.so
76032000-76033000 rw-p 00016000 b3:07 6626       /usr/lib/jvm/jdk-8-oracle-arm32-vfp-hflt/jre/lib/arm/libzip.so
76033000-7603c000 r-xp 00000000 b3:07 2087       /lib/arm-linux-gnueabihf/libnss_files-2.24.so
7603c000-7604b000 ---p 00009000 b3:07 2087       /lib/arm-linux-gnueabihf/libnss_files-2.24.so
7604b000-7604c000 r--p 00008000 b3:07 2087       /lib/arm-linux-gnueabihf/libnss_files-2.24.so
7604c000-7604d000 rw-p 00009000 b3:07 2087       /lib/arm-linux-gnueabihf/libnss_files-2.24.so
7604d000-76053000 rw-p 00000000 00:00 0 
76053000-7605c000 r-xp 00000000 b3:07 2089       /lib/arm-linux-gnueabihf/libnss_nis-2.24.so
7605c000-7606b000 ---p 00009000 b3:07 2089       /lib/arm-linux-gnueabihf/libnss_nis-2.24.so
7606b000-7606c000 r--p 00008000 b3:07 2089       /lib/arm-linux-gnueabihf/libnss_nis-2.24.so
7606c000-7606d000 rw-p 00009000 b3:07 2089       /lib/arm-linux-gnueabihf/libnss_nis-2.24.so
7606d000-7607e000 r-xp 00000000 b3:07 2084       /lib/arm-linux-gnueabihf/libnsl-2.24.so
7607e000-7608d000 ---p 00011000 b3:07 2084       /lib/arm-linux-gnueabihf/libnsl-2.24.so
7608d000-7608e000 r--p 00010000 b3:07 2084       /lib/arm-linux-gnueabihf/libnsl-2.24.so
7608e000-7608f000 rw-p 00011000 b3:07 2084       /lib/arm-linux-gnueabihf/libnsl-2.24.so
7608f000-76091000 rw-p 00000000 00:00 0 
76091000-76097000 r-xp 00000000 b3:07 2085       /lib/arm-linux-gnueabihf/libnss_compat-2.24.so
76097000-760a6000 ---p 00006000 b3:07 2085       /lib/arm-linux-gnueabihf/libnss_compat-2.24.so
760a6000-760a7000 r--p 00005000 b3:07 2085       /lib/arm-linux-gnueabihf/libnss_compat-2.24.so
760a7000-760a8000 rw-p 00006000 b3:07 2085       /lib/arm-linux-gnueabihf/libnss_compat-2.24.so
760a8000-760a9000 rw-s 00101000 00:06 1116       /dev/gpiomem
760a9000-760ab000 r--s 00009000 b3:07 137664     /opt/pi4j/lib/pi4j-encoder.jar
760ab000-760b3000 r--s 00032000 b3:07 138730     /opt/pi4j/lib/pi4j-device.jar
760b3000-760bd000 r--s 00116000 b3:07 6550       /usr/lib/jvm/jdk-8-oracle-arm32-vfp-hflt/jre/lib/ext/localedata.jar
760bd000-760e0000 r-xp 00000000 b3:07 6598       /usr/lib/jvm/jdk-8-oracle-arm32-vfp-hflt/jre/lib/arm/libjava.so
760e0000-760e8000 ---p 00023000 b3:07 6598       /usr/lib/jvm/jdk-8-oracle-arm32-vfp-hflt/jre/lib/arm/libjava.so
760e8000-760e9000 rw-p 00023000 b3:07 6598       /usr/lib/jvm/jdk-8-oracle-arm32-vfp-hflt/jre/lib/arm/libjava.so
760e9000-760ef000 r-xp 00000000 b3:07 2094       /lib/arm-linux-gnueabihf/librt-2.24.so
760ef000-760fe000 ---p 00006000 b3:07 2094       /lib/arm-linux-gnueabihf/librt-2.24.so
760fe000-760ff000 r--p 00005000 b3:07 2094       /lib/arm-linux-gnueabihf/librt-2.24.so
760ff000-76100000 rw-p 00006000 b3:07 2094       /lib/arm-linux-gnueabihf/librt-2.24.so
76100000-76200000 rw-p 00000000 00:00 0 
76200000-76201000 rw-s 0020c000 00:06 1116       /dev/gpiomem
76201000-76206000 r--s 00096000 b3:07 6522       /usr/lib/jvm/jdk-8-oracle-arm32-vfp-hflt/jre/lib/jsse.jar
76206000-76209000 ---p 00000000 00:00 0 
76209000-76306000 rw-p 00000000 00:00 0 
76306000-76373000 r-xp 00000000 b3:07 2082       /lib/arm-linux-gnueabihf/libm-2.24.so
76373000-76383000 ---p 0006d000 b3:07 2082       /lib/arm-linux-gnueabihf/libm-2.24.so
76383000-76384000 r--p 0006d000 b3:07 2082       /lib/arm-linux-gnueabihf/libm-2.24.so
76384000-76385000 rw-p 0006e000 b3:07 2082       /lib/arm-linux-gnueabihf/libm-2.24.so
76385000-76908000 r-xp 00000000 b3:07 6641       /usr/lib/jvm/jdk-8-oracle-arm32-vfp-hflt/jre/lib/arm/client/libjvm.so
76908000-76910000 ---p 00583000 b3:07 6641       /usr/lib/jvm/jdk-8-oracle-arm32-vfp-hflt/jre/lib/arm/client/libjvm.so
76910000-7693c000 rw-p 00583000 b3:07 6641       /usr/lib/jvm/jdk-8-oracle-arm32-vfp-hflt/jre/lib/arm/client/libjvm.so
7693c000-76d5f000 rw-p 00000000 00:00 0 
76d5f000-76d7b000 r-xp 00000000 b3:07 6725       /lib/arm-linux-gnueabihf/libgcc_s.so.1
76d7b000-76d8a000 ---p 0001c000 b3:07 6725       /lib/arm-linux-gnueabihf/libgcc_s.so.1
76d8a000-76d8b000 r--p 0001b000 b3:07 6725       /lib/arm-linux-gnueabihf/libgcc_s.so.1
76d8b000-76d8c000 rw-p 0001c000 b3:07 6725       /lib/arm-linux-gnueabihf/libgcc_s.so.1
76d8c000-76eb5000 r-xp 00000000 b3:07 2078       /lib/arm-linux-gnueabihf/libc-2.24.so
76eb5000-76ec5000 ---p 00129000 b3:07 2078       /lib/arm-linux-gnueabihf/libc-2.24.so
76ec5000-76ec7000 r--p 00129000 b3:07 2078       /lib/arm-linux-gnueabihf/libc-2.24.so
76ec7000-76ec8000 rw-p 0012b000 b3:07 2078       /lib/arm-linux-gnueabihf/libc-2.24.so
76ec8000-76ecb000 rw-p 00000000 00:00 0 
76ecb000-76ecd000 r-xp 00000000 b3:07 2081       /lib/arm-linux-gnueabihf/libdl-2.24.so
76ecd000-76edc000 ---p 00002000 b3:07 2081       /lib/arm-linux-gnueabihf/libdl-2.24.so
76edc000-76edd000 r--p 00001000 b3:07 2081       /lib/arm-linux-gnueabihf/libdl-2.24.so
76edd000-76ede000 rw-p 00002000 b3:07 2081       /lib/arm-linux-gnueabihf/libdl-2.24.so
76ede000-76ef2000 r-xp 00000000 b3:07 6643       /usr/lib/jvm/jdk-8-oracle-arm32-vfp-hflt/jre/lib/arm/jli/libjli.so
76ef2000-76efa000 ---p 00014000 b3:07 6643       /usr/lib/jvm/jdk-8-oracle-arm32-vfp-hflt/jre/lib/arm/jli/libjli.so
76efa000-76efb000 rw-p 00014000 b3:07 6643       /usr/lib/jvm/jdk-8-oracle-arm32-vfp-hflt/jre/lib/arm/jli/libjli.so
76efb000-76f11000 r-xp 00000000 b3:07 2092       /lib/arm-linux-gnueabihf/libpthread-2.24.so
76f11000-76f20000 ---p 00016000 b3:07 2092       /lib/arm-linux-gnueabihf/libpthread-2.24.so
76f20000-76f21000 r--p 00015000 b3:07 2092       /lib/arm-linux-gnueabihf/libpthread-2.24.so
76f21000-76f22000 rw-p 00016000 b3:07 2092       /lib/arm-linux-gnueabihf/libpthread-2.24.so
76f22000-76f24000 rw-p 00000000 00:00 0 
76f24000-76f25000 rw-s 00200000 00:06 1116       /dev/gpiomem
76f25000-76f27000 r--s 00016000 b3:07 138737     /opt/pi4j/lib/pi4j-gpio-extension.jar
76f27000-76f30000 r-xp 00000000 b3:07 6614       /usr/lib/jvm/jdk-8-oracle-arm32-vfp-hflt/jre/lib/arm/libverify.so
76f30000-76f38000 ---p 00009000 b3:07 6614       /usr/lib/jvm/jdk-8-oracle-arm32-vfp-hflt/jre/lib/arm/libverify.so
76f38000-76f39000 rw-p 00009000 b3:07 6614       /usr/lib/jvm/jdk-8-oracle-arm32-vfp-hflt/jre/lib/arm/libverify.so
76f39000-76f3e000 r-xp 00000000 b3:07 270245     /usr/lib/arm-linux-gnueabihf/libarmmem.so
76f3e000-76f4d000 ---p 00005000 b3:07 270245     /usr/lib/arm-linux-gnueabihf/libarmmem.so
76f4d000-76f4e000 r--p 00004000 b3:07 270245     /usr/lib/arm-linux-gnueabihf/libarmmem.so
76f4e000-76f4f000 rw-p 00005000 b3:07 270245     /usr/lib/arm-linux-gnueabihf/libarmmem.so
76f4f000-76f70000 r-xp 00000000 b3:07 2073       /lib/arm-linux-gnueabihf/ld-2.24.so
76f70000-76f71000 r--s 00002000 b3:07 145275     /opt/pi4j/lib/pi4j-encoder-read-final.jar
76f71000-76f79000 rw-s 00000000 b3:07 146122     /tmp/hsperfdata_pi/3873
76f79000-76f7a000 ---p 00000000 00:00 0 
76f7a000-76f7f000 rw-p 00000000 00:00 0 
76f7f000-76f80000 r--p 00020000 b3:07 2073       /lib/arm-linux-gnueabihf/ld-2.24.so
76f80000-76f81000 rw-p 00021000 b3:07 2073       /lib/arm-linux-gnueabihf/ld-2.24.so
76f81000-76f84000 ---p 00000000 00:00 0 
76f84000-77081000 rw-p 00000000 00:00 0 
77081000-77084000 ---p 00000000 00:00 0 
77084000-77181000 rw-p 00000000 00:00 0 
77181000-77184000 ---p 00000000 00:00 0 
77184000-77281000 rw-p 00000000 00:00 0 
77281000-77284000 ---p 00000000 00:00 0 
77284000-77381000 rw-p 00000000 00:00 0 
77381000-77384000 ---p 00000000 00:00 0 
77384000-77481000 rw-p 00000000 00:00 0 
77481000-77484000 ---p 00000000 00:00 0 
77484000-77581000 rw-p 00000000 00:00 0 
77581000-77584000 ---p 00000000 00:00 0 
77584000-77681000 rw-p 00000000 00:00 0 
77681000-77684000 ---p 00000000 00:00 0 
77684000-77781000 rw-p 00000000 00:00 0 
77781000-77784000 ---p 00000000 00:00 0 
77784000-77881000 rw-p 00000000 00:00 0 
77881000-77884000 ---p 00000000 00:00 0 
77884000-77981000 rw-p 00000000 00:00 0 
77981000-77984000 ---p 00000000 00:00 0 
77984000-77a81000 rw-p 00000000 00:00 0 
77a81000-77a84000 ---p 00000000 00:00 0 
77a84000-77b81000 rw-p 00000000 00:00 0 
77b81000-77b84000 ---p 00000000 00:00 0 
77b84000-77c81000 rw-p 00000000 00:00 0 
77c81000-77c84000 ---p 00000000 00:00 0 
77c84000-77d81000 rw-p 00000000 00:00 0 
77d81000-77d84000 ---p 00000000 00:00 0 
77d84000-77e81000 rw-p 00000000 00:00 0 
77e81000-77e84000 ---p 00000000 00:00 0 
77e84000-77f81000 rw-p 00000000 00:00 0 
77f81000-77f84000 ---p 00000000 00:00 0 
77f84000-78081000 rw-p 00000000 00:00 0 
78081000-78084000 ---p 00000000 00:00 0 
78084000-78181000 rw-p 00000000 00:00 0 
78181000-78184000 ---p 00000000 00:00 0 
78184000-78281000 rw-p 00000000 00:00 0 
78281000-78284000 ---p 00000000 00:00 0 
78284000-78381000 rw-p 00000000 00:00 0 
78381000-78384000 ---p 00000000 00:00 0 
78384000-78481000 rw-p 00000000 00:00 0 
78481000-78484000 ---p 00000000 00:00 0 
78484000-78581000 rw-p 00000000 00:00 0 
78581000-78584000 ---p 00000000 00:00 0 
78584000-78681000 rw-p 00000000 00:00 0 
78681000-78684000 ---p 00000000 00:00 0 
78684000-78781000 rw-p 00000000 00:00 0 
78781000-78784000 ---p 00000000 00:00 0 
78784000-78881000 rw-p 00000000 00:00 0 
78881000-78884000 ---p 00000000 00:00 0 
78884000-78981000 rw-p 00000000 00:00 0 
78981000-78984000 ---p 00000000 00:00 0 
78984000-78a81000 rw-p 00000000 00:00 0 
78a81000-78a84000 ---p 00000000 00:00 0 
78a84000-78b81000 rw-p 00000000 00:00 0 
78b81000-78b84000 ---p 00000000 00:00 0 
78b84000-78c81000 rw-p 00000000 00:00 0 
78c81000-78c84000 ---p 00000000 00:00 0 
78c84000-78d81000 rw-p 00000000 00:00 0 
78d81000-78d84000 ---p 00000000 00:00 0 
78d84000-78e81000 rw-p 00000000 00:00 0 
78e81000-78e84000 ---p 00000000 00:00 0 
78e84000-78f81000 rw-p 00000000 00:00 0 
78f81000-78f84000 ---p 00000000 00:00 0 
78f84000-79081000 rw-p 00000000 00:00 0 
79081000-79084000 ---p 00000000 00:00 0 
79084000-79181000 rw-p 00000000 00:00 0 
79181000-79184000 ---p 00000000 00:00 0 
79184000-79281000 rw-p 00000000 00:00 0 
79281000-79284000 ---p 00000000 00:00 0 
79284000-79381000 rw-p 00000000 00:00 0 
79381000-79384000 ---p 00000000 00:00 0 
79384000-79481000 rw-p 00000000 00:00 0 
79481000-79484000 ---p 00000000 00:00 0 
79484000-79581000 rw-p 00000000 00:00 0 
79581000-79584000 ---p 00000000 00:00 0 
79584000-79681000 rw-p 00000000 00:00 0 
79681000-79684000 ---p 00000000 00:00 0 
79684000-79781000 rw-p 00000000 00:00 0 
79781000-79784000 ---p 00000000 00:00 0 
79784000-79881000 rw-p 00000000 00:00 0 
79881000-79884000 ---p 00000000 00:00 0 
79884000-79981000 rw-p 00000000 00:00 0 
79981000-79984000 ---p 00000000 00:00 0 
79984000-79a81000 rw-p 00000000 00:00 0 
79a81000-79a84000 ---p 00000000 00:00 0 
79a84000-79b81000 rw-p 00000000 00:00 0 
79b81000-79b84000 ---p 00000000 00:00 0 
79b84000-79c81000 rw-p 00000000 00:00 0 
79c81000-79c84000 ---p 00000000 00:00 0 
79c84000-79d81000 rw-p 00000000 00:00 0 
79d81000-79d84000 ---p 00000000 00:00 0 
79d84000-79e81000 rw-p 00000000 00:00 0 
79e81000-79e84000 ---p 00000000 00:00 0 
79e84000-79f81000 rw-p 00000000 00:00 0 
79f81000-79f84000 ---p 00000000 00:00 0 
79f84000-7a081000 rw-p 00000000 00:00 0 
7a081000-7a084000 ---p 00000000 00:00 0 
7a084000-7a181000 rw-p 00000000 00:00 0 
7a181000-7a184000 ---p 00000000 00:00 0 
7a184000-7a281000 rw-p 00000000 00:00 0 
7a281000-7a284000 ---p 00000000 00:00 0 
7a284000-7a381000 rw-p 00000000 00:00 0 
7a381000-7a384000 ---p 00000000 00:00 0 
7a384000-7a481000 rw-p 00000000 00:00 0 
7a481000-7a484000 ---p 00000000 00:00 0 
7a484000-7a581000 rw-p 00000000 00:00 0 
7a581000-7a584000 ---p 00000000 00:00 0 
7a584000-7a681000 rw-p 00000000 00:00 0 
7a681000-7a684000 ---p 00000000 00:00 0 
7a684000-7a781000 rw-p 00000000 00:00 0 
7a781000-7a784000 ---p 00000000 00:00 0 
7a784000-7a881000 rw-p 00000000 00:00 0 
7a881000-7a884000 ---p 00000000 00:00 0 
7a884000-7a981000 rw-p 00000000 00:00 0 
7a981000-7a984000 ---p 00000000 00:00 0 
7a984000-7aa81000 rw-p 00000000 00:00 0 
7aa81000-7aa84000 ---p 00000000 00:00 0 
7aa84000-7ab81000 rw-p 00000000 00:00 0 
7ab81000-7ab84000 ---p 00000000 00:00 0 
7ab84000-7ac81000 rw-p 00000000 00:00 0 
7ac81000-7ac84000 ---p 00000000 00:00 0 
7ac84000-7ad81000 rw-p 00000000 00:00 0 
7ad81000-7ad84000 ---p 00000000 00:00 0 
7ad84000-7ae81000 rw-p 00000000 00:00 0 
7ae81000-7ae84000 ---p 00000000 00:00 0 
7ae84000-7af81000 rw-p 00000000 00:00 0 
7af81000-7af84000 ---p 00000000 00:00 0 
7af84000-7b081000 rw-p 00000000 00:00 0 
7b081000-7b084000 ---p 00000000 00:00 0 
7b084000-7b181000 rw-p 00000000 00:00 0 
7b181000-7b184000 ---p 00000000 00:00 0 
7b184000-7b281000 rw-p 00000000 00:00 0 
7b281000-7b284000 ---p 00000000 00:00 0 
7b284000-7b381000 rw-p 00000000 00:00 0 
7b381000-7b384000 ---p 00000000 00:00 0 
7b384000-7b481000 rw-p 00000000 00:00 0 
7b481000-7b484000 ---p 00000000 00:00 0 
7b484000-7b581000 rw-p 00000000 00:00 0 
7b581000-7b584000 ---p 00000000 00:00 0 
7b584000-7b681000 rw-p 00000000 00:00 0 
7b681000-7b684000 ---p 00000000 00:00 0 
7b684000-7b781000 rw-p 00000000 00:00 0 
7b781000-7b784000 ---p 00000000 00:00 0 
7b784000-7b881000 rw-p 00000000 00:00 0 
7b881000-7b884000 ---p 00000000 00:00 0 
7b884000-7b981000 rw-p 00000000 00:00 0 
7b981000-7b984000 ---p 00000000 00:00 0 
7b984000-7ba81000 rw-p 00000000 00:00 0 
7ba81000-7ba84000 ---p 00000000 00:00 0 
7ba84000-7bb81000 rw-p 00000000 00:00 0 
7bb81000-7bb84000 ---p 00000000 00:00 0 
7bb84000-7bc81000 rw-p 00000000 00:00 0 
7bc81000-7bc84000 ---p 00000000 00:00 0 
7bc84000-7bd81000 rw-p 00000000 00:00 0 
7bd81000-7bd84000 ---p 00000000 00:00 0 
7bd84000-7be81000 rw-p 00000000 00:00 0 
7be81000-7be84000 ---p 00000000 00:00 0 
7be84000-7bf81000 rw-p 00000000 00:00 0 
7bf81000-7bf84000 ---p 00000000 00:00 0 
7bf84000-7c081000 rw-p 00000000 00:00 0 
7c081000-7c084000 ---p 00000000 00:00 0 
7c084000-7c181000 rw-p 00000000 00:00 0 
7c181000-7c184000 ---p 00000000 00:00 0 
7c184000-7c281000 rw-p 00000000 00:00 0 
7c281000-7c284000 ---p 00000000 00:00 0 
7c284000-7c381000 rw-p 00000000 00:00 0 
7c381000-7c384000 ---p 00000000 00:00 0 
7c384000-7c481000 rw-p 00000000 00:00 0 
7c481000-7c484000 ---p 00000000 00:00 0 
7c484000-7c581000 rw-p 00000000 00:00 0 
7c581000-7c584000 ---p 00000000 00:00 0 
7c584000-7c681000 rw-p 00000000 00:00 0 
7c681000-7c684000 ---p 00000000 00:00 0 
7c684000-7c781000 rw-p 00000000 00:00 0 
7c781000-7c784000 ---p 00000000 00:00 0 
7c784000-7c881000 rw-p 00000000 00:00 0 
7c881000-7c884000 ---p 00000000 00:00 0 
7c884000-7c981000 rw-p 00000000 00:00 0 
7c981000-7c984000 ---p 00000000 00:00 0 
7c984000-7ca81000 rw-p 00000000 00:00 0 
7ca81000-7ca84000 ---p 00000000 00:00 0 
7ca84000-7cb81000 rw-p 00000000 00:00 0 
7cb81000-7cb84000 ---p 00000000 00:00 0 
7cb84000-7cc81000 rw-p 00000000 00:00 0 
7cc81000-7cc84000 ---p 00000000 00:00 0 
7cc84000-7cd81000 rw-p 00000000 00:00 0 
7cd81000-7cd84000 ---p 00000000 00:00 0 
7cd84000-7ce81000 rw-p 00000000 00:00 0 
7ce81000-7ce84000 ---p 00000000 00:00 0 
7ce84000-7cf81000 rw-p 00000000 00:00 0 
7cf81000-7cf84000 ---p 00000000 00:00 0 
7cf84000-7d081000 rw-p 00000000 00:00 0 
7d081000-7d084000 ---p 00000000 00:00 0 
7d084000-7d181000 rw-p 00000000 00:00 0 
7d181000-7d184000 ---p 00000000 00:00 0 
7d184000-7d281000 rw-p 00000000 00:00 0 
7d281000-7d284000 ---p 00000000 00:00 0 
7d284000-7d381000 rw-p 00000000 00:00 0 
7d381000-7d384000 ---p 00000000 00:00 0 
7d384000-7d481000 rw-p 00000000 00:00 0 
7d481000-7d484000 ---p 00000000 00:00 0 
7d484000-7d581000 rw-p 00000000 00:00 0 
7d581000-7d584000 ---p 00000000 00:00 0 
7d584000-7d681000 rw-p 00000000 00:00 0 
7d681000-7d684000 ---p 00000000 00:00 0 
7d684000-7d781000 rw-p 00000000 00:00 0 
7d781000-7d784000 ---p 00000000 00:00 0 
7d784000-7d881000 rw-p 00000000 00:00 0 
7d881000-7d884000 ---p 00000000 00:00 0 
7d884000-7d981000 rw-p 00000000 00:00 0 
7d981000-7d984000 ---p 00000000 00:00 0 
7d984000-7da81000 rw-p 00000000 00:00 0 
7da81000-7da84000 ---p 00000000 00:00 0 
7da84000-7db81000 rw-p 00000000 00:00 0 
7db81000-7db84000 ---p 00000000 00:00 0 
7db84000-7dc81000 rw-p 00000000 00:00 0 
7dc81000-7dc84000 ---p 00000000 00:00 0 
7dc84000-7dd81000 rw-p 00000000 00:00 0 
7dd81000-7dd84000 ---p 00000000 00:00 0 
7dd84000-7de81000 rw-p 00000000 00:00 0 
7de81000-7de84000 ---p 00000000 00:00 0 
7de84000-7df81000 rw-p 00000000 00:00 0 
7df81000-7df84000 ---p 00000000 00:00 0 
7df84000-7e081000 rw-p 00000000 00:00 0 
7e081000-7e084000 ---p 00000000 00:00 0 
7e084000-7e181000 rw-p 00000000 00:00 0 
7e181000-7e184000 ---p 00000000 00:00 0 
7e184000-7e281000 rw-p 00000000 00:00 0 
7e281000-7e284000 ---p 00000000 00:00 0 
7e284000-7e381000 rw-p 00000000 00:00 0 
7e381000-7e384000 ---p 00000000 00:00 0 
7e384000-7e481000 rw-p 00000000 00:00 0 
7e481000-7e484000 ---p 00000000 00:00 0 
7e484000-7e581000 rw-p 00000000 00:00 0 
7e581000-7e584000 ---p 00000000 00:00 0 
7e584000-7e681000 rw-p 00000000 00:00 0 
7e681000-7e684000 ---p 00000000 00:00 0 
7e684000-7e7e9000 rw-p 00000000 00:00 0 
7e8ef000-7e911000 rw-p 00000000 00:00 0          [stack]
7e911000-7e914000 ---p 00000000 00:00 0 
7e914000-7ea11000 rw-p 00000000 00:00 0 
7ea11000-7ea14000 ---p 00000000 00:00 0 
7ea14000-7eb11000 rw-p 00000000 00:00 0 
7eb11000-7eb14000 ---p 00000000 00:00 0 
7eb14000-7ec49000 rw-p 00000000 00:00 0 
7ec4f000-7ec50000 r-xp 00000000 00:00 0          [sigpage]
7ec50000-7ec51000 r--p 00000000 00:00 0          [vvar]
7ec51000-7ec52000 r-xp 00000000 00:00 0          [vdso]
7ec52000-7ec55000 ---p 00000000 00:00 0 
7ec55000-7ed52000 rw-p 00000000 00:00 0 
7ed52000-7ed55000 ---p 00000000 00:00 0 
7ed55000-7ee52000 rw-p 00000000 00:00 0 
7ee52000-7ee55000 ---p 00000000 00:00 0 
7ee55000-7effa000 rw-p 00000000 00:00 0 
ffff0000-ffff1000 r-xp 00000000 00:00 0          [vectors]

VM Arguments:
jvm_args: -Xmx512m -Xss1024k -Dpython.home=/opt/jython2.7.0 -Dpython.executable=/opt/jython2.7.0/bin/jython 
java_command: org.python.util.jython iniciar_medidores.py
java_class_path (initial): /opt/jython2.7.0/jython.jar:/opt/pi4j/lib/pi4j-encoder-read-final.jar:/opt/pi4j/lib/pi4j-gpio-extension.jar:/opt/pi4j/lib/pi4j-device.jar:/opt/pi4j/lib/pi4j-core.jar:/home/pi/projetos/producao/lib/ojdbc6.jar:/home/pi/projetos/producao/lib/mysql-connector-java-5.1.46.jar:
Launcher Type: SUN_STANDARD

Environment Variables:
CLASSPATH=/opt/pi4j/lib/pi4j-encoder-read-final.jar:/opt/pi4j/lib/pi4j-gpio-extension.jar:/opt/pi4j/lib/pi4j-device.jar:/opt/pi4j/lib/pi4j-core.jar:/home/pi/projetos/producao/lib/ojdbc6.jar:/home/pi/projetos/producao/lib/mysql-connector-java-5.1.46.jar:
PATH=/opt/jython2.7.0/bin:/usr/local/sbin:/usr/local/bin:/usr/sbin:/usr/bin:/sbin:/bin:/usr/local/games:/usr/games
SHELL=/bin/bash
DISPLAY=:1.0

Signal Handlers:
SIGSEGV: [libjvm.so+0x506638], sa_mask[0]=11111111011111111101111111111110, sa_flags=SA_RESTART|SA_SIGINFO
SIGBUS: [libjvm.so+0x506638], sa_mask[0]=11111111011111111101111111111110, sa_flags=SA_RESTART|SA_SIGINFO
SIGFPE: [libjvm.so+0x3fd4ec], sa_mask[0]=11111111011111111101111111111110, sa_flags=SA_RESTART|SA_SIGINFO
SIGPIPE: [libjvm.so+0x3fd4ec], sa_mask[0]=11111111011111111101111111111110, sa_flags=SA_RESTART|SA_SIGINFO
SIGXFSZ: [libjvm.so+0x3fd4ec], sa_mask[0]=11111111011111111101111111111110, sa_flags=SA_RESTART|SA_SIGINFO
SIGILL: [libjvm.so+0x3fd4ec], sa_mask[0]=11111111011111111101111111111110, sa_flags=SA_RESTART|SA_SIGINFO
SIGUSR1: SIG_DFL, sa_mask[0]=00000000000000000000000000000000, sa_flags=none
SIGUSR2: [libjvm.so+0x3fd650], sa_mask[0]=00000000000000000000000000000000, sa_flags=SA_RESTART|SA_SIGINFO
SIGHUP: [libjvm.so+0x3fda84], sa_mask[0]=11111111011111111101111111111110, sa_flags=SA_RESTART|SA_SIGINFO
SIGINT: [libjvm.so+0x3fda84], sa_mask[0]=11111111011111111101111111111110, sa_flags=SA_RESTART|SA_SIGINFO
SIGTERM: [libjvm.so+0x3fda84], sa_mask[0]=11111111011111111101111111111110, sa_flags=SA_RESTART|SA_SIGINFO
SIGQUIT: [libjvm.so+0x3fda84], sa_mask[0]=11111111011111111101111111111110, sa_flags=SA_RESTART|SA_SIGINFO


---------------  S Y S T E M  ---------------

OS:PRETTY_NAME="Raspbian GNU/Linux 9 (stretch)"
NAME="Raspbian GNU/Linux"
VERSION_ID="9"
VERSION="9 (stretch)"
ID=raspbian
ID_LIKE=debian
HOME_URL="http://www.raspbian.org/"
SUPPORT_URL="http://www.raspbian.org/RaspbianForums"
BUG_REPORT_URL="http://www.raspbian.org/RaspbianBugs"

uname:Linux 4.14.30-v7+ #1102 SMP Mon Mar 26 16:45:49 BST 2018 armv7l
libc:glibc 2.24 NPTL 2.24 
rlimit: STACK 8192k, CORE 0k, NPROC 7314, NOFILE 1048576, AS infinity
load average:2,15 0,75 0,37

/proc/meminfo:
MemTotal:         945416 kB
MemFree:           27712 kB
MemAvailable:     451560 kB
Buffers:           68604 kB
Cached:           413208 kB
SwapCached:            0 kB
Active:           552708 kB
Inactive:         296752 kB
Active(anon):     348920 kB
Inactive(anon):    39180 kB
Active(file):     203788 kB
Inactive(file):   257572 kB
Unevictable:           0 kB
Mlocked:               0 kB
SwapTotal:        102396 kB
SwapFree:         102396 kB
Dirty:               276 kB
Writeback:             0 kB
AnonPages:        367736 kB
Mapped:           227952 kB
Shmem:             25672 kB
Slab:              34836 kB
SReclaimable:      15088 kB
SUnreclaim:        19748 kB
KernelStack:       12776 kB
PageTables:        10112 kB
NFS_Unstable:          0 kB
Bounce:                0 kB
WritebackTmp:          0 kB
CommitLimit:      575104 kB
Committed_AS:    4629976 kB
VmallocTotal:    1114112 kB
VmallocUsed:           0 kB
VmallocChunk:          0 kB
CmaTotal:           8192 kB
CmaFree:               0 kB


CPU:total 4 (ARMv7), vfp

/proc/cpuinfo:
processor	: 0
model name	: ARMv7 Processor rev 4 (v7l)
BogoMIPS	: 76.80
Features	: half thumb fastmult vfp edsp neon vfpv3 tls vfpv4 idiva idivt vfpd32 lpae evtstrm crc32 
CPU implementer	: 0x41
CPU architecture: 7
CPU variant	: 0x0
CPU part	: 0xd03
CPU revision	: 4

processor	: 1
model name	: ARMv7 Processor rev 4 (v7l)
BogoMIPS	: 76.80
Features	: half thumb fastmult vfp edsp neon vfpv3 tls vfpv4 idiva idivt vfpd32 lpae evtstrm crc32 
CPU implementer	: 0x41
CPU architecture: 7
CPU variant	: 0x0
CPU part	: 0xd03
CPU revision	: 4

processor	: 2
model name	: ARMv7 Processor rev 4 (v7l)
BogoMIPS	: 76.80
Features	: half thumb fastmult vfp edsp neon vfpv3 tls vfpv4 idiva idivt vfpd32 lpae evtstrm crc32 
CPU implementer	: 0x41
CPU architecture: 7
CPU variant	: 0x0
CPU part	: 0xd03
CPU revision	: 4

processor	: 3
model name	: ARMv7 Processor rev 4 (v7l)
BogoMIPS	: 76.80
Features	: half thumb fastmult vfp edsp neon vfpv3 tls vfpv4 idiva idivt vfpd32 lpae evtstrm crc32 
CPU implementer	: 0x41
CPU architecture: 7
CPU variant	: 0x0
CPU part	: 0xd03
CPU revision	: 4

Hardware	: BCM2835
Revision	: a02082
Serial		: 000000006f9ef5fe


Memory: 4k page, physical 945416k(27712k free), swap 102396k(102396k free)

vm_info: Java HotSpot(TM) Client VM (25.65-b01) for linux-arm-vfp-hflt JRE (1.8.0_65-b17), built on Oct  6 2015 16:19:04 by "java_re" with gcc 4.7.2 20120910 (prerelease)

time: Wed Jul 11 09:25:05 2018
elapsed time: 73 seconds (0d 0h 1m 13s)

